val_index,train_index,checkpoint,loss_type,lr,score
VAL_AGG,1803,checkpoint_epoch300.pt,train,1e-06,2.076282908092253e-05
VAL_AGG,321,checkpoint_epoch300.pt,train,1e-06,2.076282908092253e-05
VAL_AGG,7317,checkpoint_epoch300.pt,train,1e-06,3.753428245545365e-05
VAL_AGG,8065,checkpoint_epoch300.pt,train,1e-06,3.753428245545365e-05
VAL_AGG,10056,checkpoint_epoch300.pt,train,1e-06,2.739151386776939e-05
VAL_AGG,3459,checkpoint_epoch300.pt,train,1e-06,2.739151386776939e-05
VAL_AGG,1760,checkpoint_epoch300.pt,train,1e-06,2.276383929711301e-05
VAL_AGG,2515,checkpoint_epoch300.pt,train,1e-06,2.276383929711301e-05
VAL_AGG,6826,checkpoint_epoch300.pt,train,1e-06,4.1122122638626024e-05
VAL_AGG,35,checkpoint_epoch300.pt,train,1e-06,4.1122122638626024e-05
VAL_AGG,761,checkpoint_epoch300.pt,train,1e-06,2.2941814677324146e-05
VAL_AGG,1617,checkpoint_epoch300.pt,train,1e-06,2.2941814677324146e-05
VAL_AGG,3405,checkpoint_epoch300.pt,train,1e-06,3.4368305932730436e-05
VAL_AGG,3921,checkpoint_epoch300.pt,train,1e-06,3.4368305932730436e-05
VAL_AGG,8358,checkpoint_epoch300.pt,train,1e-06,2.2561869627679698e-05
VAL_AGG,3274,checkpoint_epoch300.pt,train,1e-06,2.2561869627679698e-05
VAL_AGG,7779,checkpoint_epoch300.pt,train,1e-06,3.8165730074979365e-05
VAL_AGG,6568,checkpoint_epoch300.pt,train,1e-06,3.8165730074979365e-05
VAL_AGG,5728,checkpoint_epoch300.pt,train,1e-06,2.8112086511100642e-05
VAL_AGG,39,checkpoint_epoch300.pt,train,1e-06,2.8112086511100642e-05
VAL_AGG,8328,checkpoint_epoch300.pt,train,1e-06,3.2806095987325534e-05
VAL_AGG,2592,checkpoint_epoch300.pt,train,1e-06,3.2806095987325534e-05
VAL_AGG,6412,checkpoint_epoch300.pt,train,1e-06,3.3675194572424516e-05
VAL_AGG,10102,checkpoint_epoch300.pt,train,1e-06,3.3675194572424516e-05
VAL_AGG,7301,checkpoint_epoch300.pt,train,1e-06,3.353162537678145e-05
VAL_AGG,8566,checkpoint_epoch300.pt,train,1e-06,3.353162537678145e-05
VAL_AGG,9601,checkpoint_epoch300.pt,train,1e-06,3.3580552553758025e-05
VAL_AGG,4509,checkpoint_epoch300.pt,train,1e-06,3.3580552553758025e-05
VAL_AGG,4447,checkpoint_epoch300.pt,train,1e-06,2.6600768251228146e-05
VAL_AGG,1655,checkpoint_epoch300.pt,train,1e-06,2.6600768251228146e-05
VAL_AGG,6706,checkpoint_epoch300.pt,train,1e-06,4.106368942302652e-05
VAL_AGG,9799,checkpoint_epoch300.pt,train,1e-06,4.106368942302652e-05
VAL_AGG,4830,checkpoint_epoch300.pt,train,1e-06,4.039436680614017e-05
VAL_AGG,6630,checkpoint_epoch300.pt,train,1e-06,4.039436680614017e-05
VAL_AGG,8274,checkpoint_epoch300.pt,train,1e-06,2.5334278689115308e-05
VAL_AGG,500,checkpoint_epoch300.pt,train,1e-06,2.5334278689115308e-05
VAL_AGG,7823,checkpoint_epoch300.pt,train,1e-06,3.277692667325027e-05
VAL_AGG,2963,checkpoint_epoch300.pt,train,1e-06,3.277692667325027e-05
VAL_AGG,4338,checkpoint_epoch300.pt,train,1e-06,3.467711212579161e-05
VAL_AGG,9112,checkpoint_epoch300.pt,train,1e-06,3.467711212579161e-05
VAL_AGG,4194,checkpoint_epoch300.pt,train,1e-06,2.8126940378569998e-05
VAL_AGG,311,checkpoint_epoch300.pt,train,1e-06,2.8126940378569998e-05
VAL_AGG,9023,checkpoint_epoch300.pt,train,1e-06,2.257263258798048e-05
VAL_AGG,1599,checkpoint_epoch300.pt,train,1e-06,2.257263258798048e-05
VAL_AGG,4089,checkpoint_epoch300.pt,train,1e-06,2.8184604161651805e-05
VAL_AGG,4288,checkpoint_epoch300.pt,train,1e-06,2.8184604161651805e-05
VAL_AGG,2109,checkpoint_epoch300.pt,train,1e-06,2.455758112773765e-05
VAL_AGG,9710,checkpoint_epoch300.pt,train,1e-06,2.455758112773765e-05
VAL_AGG,5012,checkpoint_epoch300.pt,train,1e-06,3.113875209237449e-05
VAL_AGG,8288,checkpoint_epoch300.pt,train,1e-06,3.113875209237449e-05
VAL_AGG,5642,checkpoint_epoch300.pt,train,1e-06,3.2411699066869915e-05
VAL_AGG,4852,checkpoint_epoch300.pt,train,1e-06,3.2411699066869915e-05
VAL_AGG,2885,checkpoint_epoch300.pt,train,1e-06,3.037446913367603e-05
VAL_AGG,8588,checkpoint_epoch300.pt,train,1e-06,3.037446913367603e-05
VAL_AGG,9332,checkpoint_epoch300.pt,train,1e-06,3.363566065672785e-05
VAL_AGG,3107,checkpoint_epoch300.pt,train,1e-06,3.363566065672785e-05
VAL_AGG,1536,checkpoint_epoch300.pt,train,1e-06,2.5369612558279186e-05
VAL_AGG,5969,checkpoint_epoch300.pt,train,1e-06,2.5369612558279186e-05
VAL_AGG,7998,checkpoint_epoch300.pt,train,1e-06,2.99923267448321e-05
VAL_AGG,2152,checkpoint_epoch300.pt,train,1e-06,2.99923267448321e-05
VAL_AGG,439,checkpoint_epoch300.pt,train,1e-06,2.5537676265230402e-05
VAL_AGG,4222,checkpoint_epoch300.pt,train,1e-06,2.5537676265230402e-05
VAL_AGG,4574,checkpoint_epoch300.pt,train,1e-06,2.4913711968110874e-05
VAL_AGG,1833,checkpoint_epoch300.pt,train,1e-06,2.4913711968110874e-05
VAL_AGG,2833,checkpoint_epoch300.pt,train,1e-06,3.880805161315948e-05
VAL_AGG,673,checkpoint_epoch300.pt,train,1e-06,3.880805161315948e-05
VAL_AGG,5363,checkpoint_epoch300.pt,train,1e-06,2.749246959865559e-05
VAL_AGG,2184,checkpoint_epoch300.pt,train,1e-06,2.749246959865559e-05
VAL_AGG,4896,checkpoint_epoch300.pt,train,1e-06,2.5816179913817905e-05
VAL_AGG,1112,checkpoint_epoch300.pt,train,1e-06,2.5816179913817905e-05
VAL_AGG,5663,checkpoint_epoch300.pt,train,1e-06,2.5046028895303607e-05
VAL_AGG,8597,checkpoint_epoch300.pt,train,1e-06,2.5046028895303607e-05
VAL_AGG,7342,checkpoint_epoch300.pt,train,1e-06,3.435145117691718e-05
VAL_AGG,592,checkpoint_epoch300.pt,train,1e-06,3.435145117691718e-05
VAL_AGG,7771,checkpoint_epoch300.pt,train,1e-06,4.392638220451772e-05
VAL_AGG,2357,checkpoint_epoch300.pt,train,1e-06,4.392638220451772e-05
VAL_AGG,1954,checkpoint_epoch300.pt,train,1e-06,3.734484198503196e-05
VAL_AGG,7211,checkpoint_epoch300.pt,train,1e-06,3.734484198503196e-05
VAL_AGG,119,checkpoint_epoch300.pt,train,1e-06,2.1294186808518134e-05
VAL_AGG,8648,checkpoint_epoch300.pt,train,1e-06,2.1294186808518134e-05
VAL_AGG,9170,checkpoint_epoch300.pt,train,1e-06,2.6405487005831674e-05
VAL_AGG,9537,checkpoint_epoch300.pt,train,1e-06,2.6405487005831674e-05
VAL_AGG,7414,checkpoint_epoch300.pt,train,1e-06,3.8480942748719826e-05
VAL_AGG,3887,checkpoint_epoch300.pt,train,1e-06,3.8480942748719826e-05
VAL_AGG,1891,checkpoint_epoch300.pt,train,1e-06,2.4498522179783322e-05
VAL_AGG,4291,checkpoint_epoch300.pt,train,1e-06,2.4498522179783322e-05
VAL_AGG,3053,checkpoint_epoch300.pt,train,1e-06,2.378707540628966e-05
VAL_AGG,735,checkpoint_epoch300.pt,train,1e-06,2.378707540628966e-05
VAL_AGG,318,checkpoint_epoch300.pt,train,1e-06,2.355956530664116e-05
VAL_AGG,9512,checkpoint_epoch300.pt,train,1e-06,2.355956530664116e-05
VAL_AGG,10325,checkpoint_epoch300.pt,train,1e-06,2.9341597837628797e-05
VAL_AGG,1339,checkpoint_epoch300.pt,train,1e-06,2.9341597837628797e-05
VAL_AGG,4091,checkpoint_epoch300.pt,train,1e-06,2.7913894882658496e-05
VAL_AGG,9002,checkpoint_epoch300.pt,train,1e-06,2.7913894882658496e-05
VAL_AGG,5060,checkpoint_epoch300.pt,train,1e-06,4.3196327169425786e-05
VAL_AGG,7675,checkpoint_epoch300.pt,train,1e-06,4.3196327169425786e-05
VAL_AGG,3194,checkpoint_epoch300.pt,train,1e-06,3.0221661290852353e-05
VAL_AGG,1090,checkpoint_epoch300.pt,train,1e-06,3.0221661290852353e-05
VAL_AGG,6203,checkpoint_epoch300.pt,train,1e-06,2.6992103812517598e-05
VAL_AGG,3023,checkpoint_epoch300.pt,train,1e-06,2.6992103812517598e-05
VAL_AGG,8765,checkpoint_epoch300.pt,train,1e-06,2.352518458792474e-05
VAL_AGG,4220,checkpoint_epoch300.pt,train,1e-06,2.352518458792474e-05
VAL_AGG,3860,checkpoint_epoch300.pt,train,1e-06,2.7819827664643526e-05
VAL_AGG,1516,checkpoint_epoch300.pt,train,1e-06,2.7819827664643526e-05
VAL_AGG,5173,checkpoint_epoch300.pt,train,1e-06,2.5776073016459122e-05
VAL_AGG,8425,checkpoint_epoch300.pt,train,1e-06,2.5776073016459122e-05
VAL_AGG,2423,checkpoint_epoch300.pt,train,1e-06,2.930190930783283e-05
VAL_AGG,5979,checkpoint_epoch300.pt,train,1e-06,2.930190930783283e-05
VAL_AGG,7963,checkpoint_epoch300.pt,train,1e-06,3.993264908785932e-05
VAL_AGG,9344,checkpoint_epoch300.pt,train,1e-06,3.993264908785932e-05
VAL_AGG,483,checkpoint_epoch300.pt,train,1e-06,2.3407428670907393e-05
VAL_AGG,3282,checkpoint_epoch300.pt,train,1e-06,2.3407428670907393e-05
VAL_AGG,8142,checkpoint_epoch300.pt,train,1e-06,2.6588199034449644e-05
VAL_AGG,8333,checkpoint_epoch300.pt,train,1e-06,2.6588199034449644e-05
VAL_AGG,1805,checkpoint_epoch300.pt,train,1e-06,2.778845555440057e-05
VAL_AGG,9388,checkpoint_epoch300.pt,train,1e-06,2.778845555440057e-05
VAL_AGG,8824,checkpoint_epoch300.pt,train,1e-06,2.2700729459756985e-05
VAL_AGG,33,checkpoint_epoch300.pt,train,1e-06,2.2700729459756985e-05
VAL_AGG,4002,checkpoint_epoch300.pt,train,1e-06,3.4240852983202785e-05
VAL_AGG,8217,checkpoint_epoch300.pt,train,1e-06,3.4240852983202785e-05
VAL_AGG,5982,checkpoint_epoch300.pt,train,1e-06,3.264386032242328e-05
VAL_AGG,9182,checkpoint_epoch300.pt,train,1e-06,3.264386032242328e-05
VAL_AGG,4092,checkpoint_epoch300.pt,train,1e-06,2.4723220121813938e-05
VAL_AGG,1775,checkpoint_epoch300.pt,train,1e-06,2.4723220121813938e-05
VAL_AGG,7296,checkpoint_epoch300.pt,train,1e-06,3.9041115087457e-05
VAL_AGG,450,checkpoint_epoch300.pt,train,1e-06,3.9041115087457e-05
VAL_AGG,8106,checkpoint_epoch300.pt,train,1e-06,3.2370920962421224e-05
VAL_AGG,8018,checkpoint_epoch300.pt,train,1e-06,3.2370920962421224e-05
VAL_AGG,3160,checkpoint_epoch300.pt,train,1e-06,2.394288640061859e-05
VAL_AGG,1915,checkpoint_epoch300.pt,train,1e-06,2.394288640061859e-05
VAL_AGG,7859,checkpoint_epoch300.pt,train,1e-06,3.33012176270131e-05
VAL_AGG,5594,checkpoint_epoch300.pt,train,1e-06,3.33012176270131e-05
VAL_AGG,304,checkpoint_epoch300.pt,train,1e-06,2.286426206410397e-05
VAL_AGG,8866,checkpoint_epoch300.pt,train,1e-06,2.286426206410397e-05
VAL_AGG,8589,checkpoint_epoch300.pt,train,1e-06,2.0984787624911405e-05
VAL_AGG,303,checkpoint_epoch300.pt,train,1e-06,2.0984787624911405e-05
VAL_AGG,1022,checkpoint_epoch300.pt,train,1e-06,1.7625445252633654e-05
VAL_AGG,8916,checkpoint_epoch300.pt,train,1e-06,1.7625445252633654e-05
VAL_AGG,4467,checkpoint_epoch300.pt,train,1e-06,3.282442412455566e-05
VAL_AGG,3578,checkpoint_epoch300.pt,train,1e-06,3.282442412455566e-05
VAL_AGG,96,checkpoint_epoch300.pt,train,1e-06,3.4310902265133336e-05
VAL_AGG,4610,checkpoint_epoch300.pt,train,1e-06,3.4310902265133336e-05
VAL_AGG,8978,checkpoint_epoch300.pt,train,1e-06,4.6360069973161444e-05
VAL_AGG,7612,checkpoint_epoch300.pt,train,1e-06,4.6360069973161444e-05
VAL_AGG,7816,checkpoint_epoch300.pt,train,1e-06,2.6381660063634627e-05
VAL_AGG,6237,checkpoint_epoch300.pt,train,1e-06,2.6381660063634627e-05
VAL_AGG,9072,checkpoint_epoch300.pt,train,1e-06,3.800808553933166e-05
VAL_AGG,8003,checkpoint_epoch300.pt,train,1e-06,3.800808553933166e-05
VAL_AGG,2239,checkpoint_epoch300.pt,train,1e-06,2.8805072361137718e-05
VAL_AGG,6379,checkpoint_epoch300.pt,train,1e-06,2.8805072361137718e-05
VAL_AGG,7716,checkpoint_epoch300.pt,train,1e-06,4.523940515355207e-05
VAL_AGG,251,checkpoint_epoch300.pt,train,1e-06,4.523940515355207e-05
VAL_AGG,10295,checkpoint_epoch300.pt,train,1e-06,4.709257336799055e-05
VAL_AGG,7503,checkpoint_epoch300.pt,train,1e-06,4.709257336799055e-05
VAL_AGG,7854,checkpoint_epoch300.pt,train,1e-06,2.9560813345597126e-05
VAL_AGG,5512,checkpoint_epoch300.pt,train,1e-06,2.9560813345597126e-05
VAL_AGG,3785,checkpoint_epoch300.pt,train,1e-06,3.238385761505924e-05
VAL_AGG,10031,checkpoint_epoch300.pt,train,1e-06,3.238385761505924e-05
VAL_AGG,9196,checkpoint_epoch300.pt,train,1e-06,2.8631266104639508e-05
VAL_AGG,5389,checkpoint_epoch300.pt,train,1e-06,2.8631266104639508e-05
VAL_AGG,7456,checkpoint_epoch300.pt,train,1e-06,4.6251840103650466e-05
VAL_AGG,9243,checkpoint_epoch300.pt,train,1e-06,4.6251840103650466e-05
VAL_AGG,3857,checkpoint_epoch300.pt,train,1e-06,3.7293240893632174e-05
VAL_AGG,4397,checkpoint_epoch300.pt,train,1e-06,3.7293240893632174e-05
VAL_AGG,9252,checkpoint_epoch300.pt,train,1e-06,3.554173599695787e-05
VAL_AGG,8145,checkpoint_epoch300.pt,train,1e-06,3.554173599695787e-05
VAL_AGG,3207,checkpoint_epoch300.pt,train,1e-06,3.3265114325331524e-05
VAL_AGG,10091,checkpoint_epoch300.pt,train,1e-06,3.3265114325331524e-05
VAL_AGG,8048,checkpoint_epoch300.pt,train,1e-06,3.355029912199825e-05
VAL_AGG,3528,checkpoint_epoch300.pt,train,1e-06,3.355029912199825e-05
VAL_AGG,5775,checkpoint_epoch300.pt,train,1e-06,2.8175925763207488e-05
VAL_AGG,10069,checkpoint_epoch300.pt,train,1e-06,2.8175925763207488e-05
VAL_AGG,5225,checkpoint_epoch300.pt,train,1e-06,2.5070159608731046e-05
VAL_AGG,1084,checkpoint_epoch300.pt,train,1e-06,2.5070159608731046e-05
VAL_AGG,8447,checkpoint_epoch300.pt,train,1e-06,2.2463224013336003e-05
VAL_AGG,1056,checkpoint_epoch300.pt,train,1e-06,2.2463224013336003e-05
VAL_AGG,2638,checkpoint_epoch300.pt,train,1e-06,3.2284129702020437e-05
VAL_AGG,6358,checkpoint_epoch300.pt,train,1e-06,3.2284129702020437e-05
VAL_AGG,7908,checkpoint_epoch300.pt,train,1e-06,2.8348797059152275e-05
VAL_AGG,2335,checkpoint_epoch300.pt,train,1e-06,2.8348797059152275e-05
VAL_AGG,9440,checkpoint_epoch300.pt,train,1e-06,3.4318960388191044e-05
VAL_AGG,856,checkpoint_epoch300.pt,train,1e-06,3.4318960388191044e-05
VAL_AGG,2325,checkpoint_epoch300.pt,train,1e-06,2.604465771582909e-05
VAL_AGG,107,checkpoint_epoch300.pt,train,1e-06,2.604465771582909e-05
VAL_AGG,6215,checkpoint_epoch300.pt,train,1e-06,2.5355169782415032e-05
VAL_AGG,8129,checkpoint_epoch300.pt,train,1e-06,2.5355169782415032e-05
VAL_AGG,1957,checkpoint_epoch300.pt,train,1e-06,2.276719533256255e-05
VAL_AGG,5133,checkpoint_epoch300.pt,train,1e-06,2.276719533256255e-05
VAL_AGG,5259,checkpoint_epoch300.pt,train,1e-06,3.3280310162808746e-05
VAL_AGG,4007,checkpoint_epoch300.pt,train,1e-06,3.3280310162808746e-05
VAL_AGG,6074,checkpoint_epoch300.pt,train,1e-06,2.767193473118823e-05
VAL_AGG,3679,checkpoint_epoch300.pt,train,1e-06,2.767193473118823e-05
VAL_AGG,2955,checkpoint_epoch300.pt,train,1e-06,2.9127022571628913e-05
VAL_AGG,9696,checkpoint_epoch300.pt,train,1e-06,2.9127022571628913e-05
VAL_AGG,5572,checkpoint_epoch300.pt,train,1e-06,3.100054163951427e-05
VAL_AGG,3827,checkpoint_epoch300.pt,train,1e-06,3.100054163951427e-05
VAL_AGG,9519,checkpoint_epoch300.pt,train,1e-06,2.5051993361557834e-05
VAL_AGG,3399,checkpoint_epoch300.pt,train,1e-06,2.5051993361557834e-05
VAL_AGG,4401,checkpoint_epoch300.pt,train,1e-06,2.6977471861755475e-05
VAL_AGG,2245,checkpoint_epoch300.pt,train,1e-06,2.6977471861755475e-05
VAL_AGG,590,checkpoint_epoch300.pt,train,1e-06,2.9813434593961574e-05
VAL_AGG,9107,checkpoint_epoch300.pt,train,1e-06,2.9813434593961574e-05
VAL_AGG,7170,checkpoint_epoch300.pt,train,1e-06,3.522356564644724e-05
VAL_AGG,5035,checkpoint_epoch300.pt,train,1e-06,3.522356564644724e-05
VAL_AGG,7080,checkpoint_epoch300.pt,train,1e-06,3.4936605516122654e-05
VAL_AGG,3819,checkpoint_epoch300.pt,train,1e-06,3.4936605516122654e-05
VAL_AGG,5547,checkpoint_epoch300.pt,train,1e-06,2.7009811674361117e-05
VAL_AGG,5456,checkpoint_epoch300.pt,train,1e-06,2.7009811674361117e-05
VAL_AGG,1488,checkpoint_epoch300.pt,train,1e-06,2.1679446945199743e-05
VAL_AGG,2517,checkpoint_epoch300.pt,train,1e-06,2.1679446945199743e-05
VAL_AGG,733,checkpoint_epoch300.pt,train,1e-06,2.721786222537048e-05
VAL_AGG,8927,checkpoint_epoch300.pt,train,1e-06,2.721786222537048e-05
VAL_AGG,2870,checkpoint_epoch300.pt,train,1e-06,3.291678513051011e-05
VAL_AGG,3118,checkpoint_epoch300.pt,train,1e-06,3.291678513051011e-05
VAL_AGG,7881,checkpoint_epoch300.pt,train,1e-06,4.350141898612492e-05
VAL_AGG,6661,checkpoint_epoch300.pt,train,1e-06,4.350141898612492e-05
VAL_AGG,1156,checkpoint_epoch300.pt,train,1e-06,3.048487451451365e-05
VAL_AGG,7195,checkpoint_epoch300.pt,train,1e-06,3.048487451451365e-05
VAL_AGG,6847,checkpoint_epoch300.pt,train,1e-06,4.1764582420000806e-05
VAL_AGG,3898,checkpoint_epoch300.pt,train,1e-06,4.1764582420000806e-05
VAL_AGG,562,checkpoint_epoch300.pt,train,1e-06,2.0456951460801065e-05
VAL_AGG,3307,checkpoint_epoch300.pt,train,1e-06,2.0456951460801065e-05
VAL_AGG,532,checkpoint_epoch300.pt,train,1e-06,1.961850284715183e-05
VAL_AGG,937,checkpoint_epoch300.pt,train,1e-06,1.961850284715183e-05
VAL_AGG,7812,checkpoint_epoch300.pt,train,1e-06,3.265532723162323e-05
VAL_AGG,9702,checkpoint_epoch300.pt,train,1e-06,3.265532723162323e-05
VAL_AGG,9391,checkpoint_epoch300.pt,train,1e-06,3.520444442983717e-05
VAL_AGG,1683,checkpoint_epoch300.pt,train,1e-06,3.520444442983717e-05
VAL_AGG,9968,checkpoint_epoch300.pt,train,1e-06,2.563173620728776e-05
VAL_AGG,8983,checkpoint_epoch300.pt,train,1e-06,2.563173620728776e-05
VAL_AGG,1731,checkpoint_epoch300.pt,train,1e-06,2.806402881105896e-05
VAL_AGG,8089,checkpoint_epoch300.pt,train,1e-06,2.806402881105896e-05
VAL_AGG,5515,checkpoint_epoch300.pt,train,1e-06,2.945263622677885e-05
VAL_AGG,4343,checkpoint_epoch300.pt,train,1e-06,2.945263622677885e-05
VAL_AGG,6143,checkpoint_epoch300.pt,train,1e-06,2.9723425541305915e-05
VAL_AGG,8388,checkpoint_epoch300.pt,train,1e-06,2.9723425541305915e-05
VAL_AGG,9214,checkpoint_epoch300.pt,train,1e-06,3.6646346416091546e-05
VAL_AGG,9485,checkpoint_epoch300.pt,train,1e-06,3.6646346416091546e-05
VAL_AGG,5471,checkpoint_epoch300.pt,train,1e-06,3.449704308877699e-05
VAL_AGG,3755,checkpoint_epoch300.pt,train,1e-06,3.449704308877699e-05
VAL_AGG,9308,checkpoint_epoch300.pt,train,1e-06,2.7051210054196417e-05
VAL_AGG,6162,checkpoint_epoch300.pt,train,1e-06,2.7051210054196417e-05
VAL_AGG,487,checkpoint_epoch300.pt,train,1e-06,2.1743606339441612e-05
VAL_AGG,542,checkpoint_epoch300.pt,train,1e-06,2.1743606339441612e-05
VAL_AGG,7935,checkpoint_epoch300.pt,train,1e-06,3.816232128883712e-05
VAL_AGG,9294,checkpoint_epoch300.pt,train,1e-06,3.816232128883712e-05
VAL_AGG,3316,checkpoint_epoch300.pt,train,1e-06,2.9907616408308968e-05
VAL_AGG,5272,checkpoint_epoch300.pt,train,1e-06,2.9907616408308968e-05
VAL_AGG,3482,checkpoint_epoch300.pt,train,1e-06,2.3781558411428705e-05
VAL_AGG,1807,checkpoint_epoch300.pt,train,1e-06,2.3781558411428705e-05
VAL_AGG,5920,checkpoint_epoch300.pt,train,1e-06,2.4604451027698815e-05
VAL_AGG,3350,checkpoint_epoch300.pt,train,1e-06,2.4604451027698815e-05
VAL_AGG,1183,checkpoint_epoch300.pt,train,1e-06,2.3250873709912412e-05
VAL_AGG,9961,checkpoint_epoch300.pt,train,1e-06,2.3250873709912412e-05
VAL_AGG,1310,checkpoint_epoch300.pt,train,1e-06,2.866264730982948e-05
VAL_AGG,4076,checkpoint_epoch300.pt,train,1e-06,2.866264730982948e-05
VAL_AGG,6013,checkpoint_epoch300.pt,train,1e-06,2.6266174245392904e-05
VAL_AGG,3334,checkpoint_epoch300.pt,train,1e-06,2.6266174245392904e-05
VAL_AGG,2189,checkpoint_epoch300.pt,train,1e-06,2.6428986529936083e-05
VAL_AGG,3060,checkpoint_epoch300.pt,train,1e-06,2.6428986529936083e-05
VAL_AGG,5980,checkpoint_epoch300.pt,train,1e-06,3.5005490644834936e-05
VAL_AGG,10236,checkpoint_epoch300.pt,train,1e-06,3.5005490644834936e-05
VAL_AGG,2227,checkpoint_epoch300.pt,train,1e-06,2.8155380277894437e-05
VAL_AGG,4913,checkpoint_epoch300.pt,train,1e-06,2.8155380277894437e-05
VAL_AGG,10062,checkpoint_epoch300.pt,train,1e-06,2.6286781576345675e-05
VAL_AGG,2377,checkpoint_epoch300.pt,train,1e-06,2.6286781576345675e-05
VAL_AGG,6978,checkpoint_epoch300.pt,train,1e-06,3.472929529380053e-05
VAL_AGG,5718,checkpoint_epoch300.pt,train,1e-06,3.472929529380053e-05
VAL_AGG,2465,checkpoint_epoch300.pt,train,1e-06,2.667672379175201e-05
VAL_AGG,3088,checkpoint_epoch300.pt,train,1e-06,2.667672379175201e-05
VAL_AGG,5215,checkpoint_epoch300.pt,train,1e-06,2.7039413907914422e-05
VAL_AGG,2507,checkpoint_epoch300.pt,train,1e-06,2.7039413907914422e-05
VAL_AGG,3859,checkpoint_epoch300.pt,train,1e-06,2.9357146559050307e-05
VAL_AGG,8692,checkpoint_epoch300.pt,train,1e-06,2.9357146559050307e-05
VAL_AGG,4974,checkpoint_epoch300.pt,train,1e-06,3.3537733543198556e-05
VAL_AGG,3848,checkpoint_epoch300.pt,train,1e-06,3.3537733543198556e-05
VAL_AGG,8889,checkpoint_epoch300.pt,train,1e-06,3.0404220524360426e-05
VAL_AGG,7964,checkpoint_epoch300.pt,train,1e-06,3.0404220524360426e-05
VAL_AGG,2128,checkpoint_epoch300.pt,train,1e-06,2.5936449674190953e-05
VAL_AGG,5597,checkpoint_epoch300.pt,train,1e-06,2.5936449674190953e-05
VAL_AGG,2025,checkpoint_epoch300.pt,train,1e-06,2.3698188670095988e-05
VAL_AGG,3693,checkpoint_epoch300.pt,train,1e-06,2.3698188670095988e-05
VAL_AGG,7454,checkpoint_epoch300.pt,train,1e-06,4.116868512937799e-05
VAL_AGG,5257,checkpoint_epoch300.pt,train,1e-06,4.116868512937799e-05
VAL_AGG,9264,checkpoint_epoch300.pt,train,1e-06,3.331479456392117e-05
VAL_AGG,80,checkpoint_epoch300.pt,train,1e-06,3.331479456392117e-05
VAL_AGG,7709,checkpoint_epoch300.pt,train,1e-06,5.0475897296564654e-05
VAL_AGG,9382,checkpoint_epoch300.pt,train,1e-06,5.0475897296564654e-05
VAL_AGG,1950,checkpoint_epoch300.pt,train,1e-06,2.5226610887330025e-05
VAL_AGG,10161,checkpoint_epoch300.pt,train,1e-06,2.5226610887330025e-05
VAL_AGG,10142,checkpoint_epoch300.pt,train,1e-06,3.9205879147630185e-05
VAL_AGG,4631,checkpoint_epoch300.pt,train,1e-06,3.9205879147630185e-05
VAL_AGG,7200,checkpoint_epoch300.pt,train,1e-06,4.040947533212602e-05
VAL_AGG,9228,checkpoint_epoch300.pt,train,1e-06,4.040947533212602e-05
VAL_AGG,8918,checkpoint_epoch300.pt,train,1e-06,2.5082710635615513e-05
VAL_AGG,4280,checkpoint_epoch300.pt,train,1e-06,2.5082710635615513e-05
VAL_AGG,9461,checkpoint_epoch300.pt,train,1e-06,3.372964420123026e-05
VAL_AGG,4238,checkpoint_epoch300.pt,train,1e-06,3.372964420123026e-05
VAL_AGG,850,checkpoint_epoch300.pt,train,1e-06,4.116913623875007e-05
VAL_AGG,7290,checkpoint_epoch300.pt,train,1e-06,4.116913623875007e-05
VAL_AGG,1002,checkpoint_epoch300.pt,train,1e-06,3.816153548541479e-05
VAL_AGG,7550,checkpoint_epoch300.pt,train,1e-06,3.816153548541479e-05
VAL_AGG,6950,checkpoint_epoch300.pt,train,1e-06,4.119882214581594e-05
VAL_AGG,4588,checkpoint_epoch300.pt,train,1e-06,4.119882214581594e-05
VAL_AGG,6876,checkpoint_epoch300.pt,train,1e-06,4.456871101865545e-05
VAL_AGG,2879,checkpoint_epoch300.pt,train,1e-06,4.456871101865545e-05
VAL_AGG,7794,checkpoint_epoch300.pt,train,1e-06,3.119135362794623e-05
VAL_AGG,2039,checkpoint_epoch300.pt,train,1e-06,3.119135362794623e-05
VAL_AGG,3717,checkpoint_epoch300.pt,train,1e-06,3.647041376098059e-05
VAL_AGG,2737,checkpoint_epoch300.pt,train,1e-06,3.647041376098059e-05
VAL_AGG,7991,checkpoint_epoch300.pt,train,1e-06,3.2699641451472417e-05
VAL_AGG,2088,checkpoint_epoch300.pt,train,1e-06,3.2699641451472417e-05
VAL_AGG,4601,checkpoint_epoch300.pt,train,1e-06,3.4744516597129405e-05
VAL_AGG,31,checkpoint_epoch300.pt,train,1e-06,3.4744516597129405e-05
VAL_AGG,4029,checkpoint_epoch300.pt,train,1e-06,2.9742535843979567e-05
VAL_AGG,9559,checkpoint_epoch300.pt,train,1e-06,2.9742535843979567e-05
VAL_AGG,1768,checkpoint_epoch300.pt,train,1e-06,4.1560575482435524e-05
VAL_AGG,7539,checkpoint_epoch300.pt,train,1e-06,4.1560575482435524e-05
VAL_AGG,6580,checkpoint_epoch300.pt,train,1e-06,3.143544745398685e-05
VAL_AGG,9515,checkpoint_epoch300.pt,train,1e-06,3.143544745398685e-05
VAL_AGG,5338,checkpoint_epoch300.pt,train,1e-06,2.5899649699567817e-05
VAL_AGG,533,checkpoint_epoch300.pt,train,1e-06,2.5899649699567817e-05
VAL_AGG,6014,checkpoint_epoch300.pt,train,1e-06,3.252552778576501e-05
VAL_AGG,3837,checkpoint_epoch300.pt,train,1e-06,3.252552778576501e-05
VAL_AGG,4193,checkpoint_epoch300.pt,train,1e-06,4.550567609840073e-05
VAL_AGG,7654,checkpoint_epoch300.pt,train,1e-06,4.550567609840073e-05
VAL_AGG,2680,checkpoint_epoch300.pt,train,1e-06,3.379513509571552e-05
VAL_AGG,2275,checkpoint_epoch300.pt,train,1e-06,3.379513509571552e-05
VAL_AGG,3094,checkpoint_epoch300.pt,train,1e-06,3.7888643419137225e-05
VAL_AGG,7444,checkpoint_epoch300.pt,train,1e-06,3.7888643419137225e-05
VAL_AGG,7078,checkpoint_epoch300.pt,train,1e-06,3.1856972782406956e-05
VAL_AGG,3615,checkpoint_epoch300.pt,train,1e-06,3.1856972782406956e-05
VAL_AGG,2360,checkpoint_epoch300.pt,train,1e-06,2.9457502023433335e-05
VAL_AGG,4833,checkpoint_epoch300.pt,train,1e-06,2.9457502023433335e-05
VAL_AGG,2523,checkpoint_epoch300.pt,train,1e-06,2.3483356926590204e-05
VAL_AGG,2478,checkpoint_epoch300.pt,train,1e-06,2.3483356926590204e-05
VAL_AGG,7413,checkpoint_epoch300.pt,train,1e-06,3.707938230945729e-05
VAL_AGG,9993,checkpoint_epoch300.pt,train,1e-06,3.707938230945729e-05
VAL_AGG,5181,checkpoint_epoch300.pt,train,1e-06,2.648890222189948e-05
VAL_AGG,6271,checkpoint_epoch300.pt,train,1e-06,2.648890222189948e-05
VAL_AGG,1360,checkpoint_epoch300.pt,train,1e-06,2.658395351318177e-05
VAL_AGG,5028,checkpoint_epoch300.pt,train,1e-06,2.658395351318177e-05
VAL_AGG,5601,checkpoint_epoch300.pt,train,1e-06,2.908774695242755e-05
VAL_AGG,9530,checkpoint_epoch300.pt,train,1e-06,2.908774695242755e-05
VAL_AGG,335,checkpoint_epoch300.pt,train,1e-06,2.9683105822186917e-05
VAL_AGG,9471,checkpoint_epoch300.pt,train,1e-06,2.9683105822186917e-05
VAL_AGG,169,checkpoint_epoch300.pt,train,1e-06,2.1933747120783664e-05
VAL_AGG,1224,checkpoint_epoch300.pt,train,1e-06,2.1933747120783664e-05
VAL_AGG,2826,checkpoint_epoch300.pt,train,1e-06,4.2657691665226594e-05
VAL_AGG,3955,checkpoint_epoch300.pt,train,1e-06,4.2657691665226594e-05
VAL_AGG,8250,checkpoint_epoch300.pt,train,1e-06,3.1458635930903256e-05
VAL_AGG,3694,checkpoint_epoch300.pt,train,1e-06,3.1458635930903256e-05
VAL_AGG,1026,checkpoint_epoch300.pt,train,1e-06,1.8991800970979966e-05
VAL_AGG,6096,checkpoint_epoch300.pt,train,1e-06,1.8991800970979966e-05
VAL_AGG,9735,checkpoint_epoch300.pt,train,1e-06,3.0111652449704707e-05
VAL_AGG,3739,checkpoint_epoch300.pt,train,1e-06,3.0111652449704707e-05
VAL_AGG,5573,checkpoint_epoch300.pt,train,1e-06,3.66275999112986e-05
VAL_AGG,6378,checkpoint_epoch300.pt,train,1e-06,3.66275999112986e-05
VAL_AGG,7428,checkpoint_epoch300.pt,train,1e-06,3.83298538508825e-05
VAL_AGG,6223,checkpoint_epoch300.pt,train,1e-06,3.83298538508825e-05
VAL_AGG,6130,checkpoint_epoch300.pt,train,1e-06,2.3224978576763533e-05
VAL_AGG,315,checkpoint_epoch300.pt,train,1e-06,2.3224978576763533e-05
VAL_AGG,6725,checkpoint_epoch300.pt,train,1e-06,4.127418651478365e-05
VAL_AGG,9632,checkpoint_epoch300.pt,train,1e-06,4.127418651478365e-05
VAL_AGG,5007,checkpoint_epoch300.pt,train,1e-06,2.61310506175505e-05
VAL_AGG,9026,checkpoint_epoch300.pt,train,1e-06,2.61310506175505e-05
VAL_AGG,8774,checkpoint_epoch300.pt,train,1e-06,2.1611205738736317e-05
VAL_AGG,8823,checkpoint_epoch300.pt,train,1e-06,2.1611205738736317e-05
VAL_AGG,4411,checkpoint_epoch300.pt,train,1e-06,3.420423672650941e-05
VAL_AGG,5841,checkpoint_epoch300.pt,train,1e-06,3.420423672650941e-05
VAL_AGG,1634,checkpoint_epoch300.pt,train,1e-06,3.556633964763023e-05
VAL_AGG,7481,checkpoint_epoch300.pt,train,1e-06,3.556633964763023e-05
VAL_AGG,10174,checkpoint_epoch300.pt,train,1e-06,2.4647204554639757e-05
VAL_AGG,3401,checkpoint_epoch300.pt,train,1e-06,2.4647204554639757e-05
VAL_AGG,713,checkpoint_epoch300.pt,train,1e-06,2.621841849759221e-05
VAL_AGG,3101,checkpoint_epoch300.pt,train,1e-06,2.621841849759221e-05
VAL_AGG,9125,checkpoint_epoch300.pt,train,1e-06,3.271790046710521e-05
VAL_AGG,7809,checkpoint_epoch300.pt,train,1e-06,3.271790046710521e-05
VAL_AGG,2124,checkpoint_epoch300.pt,train,1e-06,2.4737049898249097e-05
VAL_AGG,2236,checkpoint_epoch300.pt,train,1e-06,2.4737049898249097e-05
VAL_AGG,1472,checkpoint_epoch300.pt,train,1e-06,2.369572757743299e-05
VAL_AGG,3025,checkpoint_epoch300.pt,train,1e-06,2.369572757743299e-05
VAL_AGG,7552,checkpoint_epoch300.pt,train,1e-06,3.845038736471906e-05
VAL_AGG,932,checkpoint_epoch300.pt,train,1e-06,3.845038736471906e-05
VAL_AGG,8899,checkpoint_epoch300.pt,train,1e-06,3.288072912255302e-05
VAL_AGG,4463,checkpoint_epoch300.pt,train,1e-06,3.288072912255302e-05
VAL_AGG,4518,checkpoint_epoch300.pt,train,1e-06,3.3133255783468485e-05
VAL_AGG,3045,checkpoint_epoch300.pt,train,1e-06,3.3133255783468485e-05
VAL_AGG,457,checkpoint_epoch300.pt,train,1e-06,2.7896179744857363e-05
VAL_AGG,10305,checkpoint_epoch300.pt,train,1e-06,2.7896179744857363e-05
VAL_AGG,4634,checkpoint_epoch300.pt,train,1e-06,3.953595660277642e-05
VAL_AGG,10232,checkpoint_epoch300.pt,train,1e-06,3.953595660277642e-05
VAL_AGG,9972,checkpoint_epoch300.pt,train,1e-06,3.087383083766326e-05
VAL_AGG,6559,checkpoint_epoch300.pt,train,1e-06,3.087383083766326e-05
VAL_AGG,5227,checkpoint_epoch300.pt,train,1e-06,3.404175004106946e-05
VAL_AGG,3753,checkpoint_epoch300.pt,train,1e-06,3.404175004106946e-05
VAL_AGG,6903,checkpoint_epoch300.pt,train,1e-06,4.044440356665291e-05
VAL_AGG,3798,checkpoint_epoch300.pt,train,1e-06,4.044440356665291e-05
VAL_AGG,9297,checkpoint_epoch300.pt,train,1e-06,3.9088470657588914e-05
VAL_AGG,7968,checkpoint_epoch300.pt,train,1e-06,3.9088470657588914e-05
VAL_AGG,346,checkpoint_epoch300.pt,train,1e-06,3.924681368516758e-05
VAL_AGG,7707,checkpoint_epoch300.pt,train,1e-06,3.924681368516758e-05
VAL_AGG,8161,checkpoint_epoch300.pt,train,1e-06,2.7757103453041054e-05
VAL_AGG,4202,checkpoint_epoch300.pt,train,1e-06,2.7757103453041054e-05
VAL_AGG,8510,checkpoint_epoch300.pt,train,1e-06,3.1114988814806566e-05
VAL_AGG,3909,checkpoint_epoch300.pt,train,1e-06,3.1114988814806566e-05
VAL_AGG,6594,checkpoint_epoch300.pt,train,1e-06,3.1238767405739054e-05
VAL_AGG,9660,checkpoint_epoch300.pt,train,1e-06,3.1238767405739054e-05
VAL_AGG,6393,checkpoint_epoch300.pt,train,1e-06,2.435357600916177e-05
VAL_AGG,8883,checkpoint_epoch300.pt,train,1e-06,2.435357600916177e-05
VAL_AGG,4825,checkpoint_epoch300.pt,train,1e-06,3.832604852505028e-05
VAL_AGG,4377,checkpoint_epoch300.pt,train,1e-06,3.832604852505028e-05
VAL_AGG,1623,checkpoint_epoch300.pt,train,1e-06,2.5715977244544774e-05
VAL_AGG,4428,checkpoint_epoch300.pt,train,1e-06,2.5715977244544774e-05
VAL_AGG,6627,checkpoint_epoch300.pt,train,1e-06,4.814438580069691e-05
VAL_AGG,6962,checkpoint_epoch300.pt,train,1e-06,4.814438580069691e-05
VAL_AGG,3658,checkpoint_epoch300.pt,train,1e-06,3.254641342209652e-05
VAL_AGG,4710,checkpoint_epoch300.pt,train,1e-06,3.254641342209652e-05
VAL_AGG,10053,checkpoint_epoch300.pt,train,1e-06,2.7608417440205812e-05
VAL_AGG,5011,checkpoint_epoch300.pt,train,1e-06,2.7608417440205812e-05
VAL_AGG,1597,checkpoint_epoch300.pt,train,1e-06,2.099609628203325e-05
VAL_AGG,8380,checkpoint_epoch300.pt,train,1e-06,2.099609628203325e-05
VAL_AGG,6239,checkpoint_epoch300.pt,train,1e-06,2.7525140467332676e-05
VAL_AGG,6385,checkpoint_epoch300.pt,train,1e-06,2.7525140467332676e-05
VAL_AGG,9962,checkpoint_epoch300.pt,train,1e-06,3.056604691664688e-05
VAL_AGG,10072,checkpoint_epoch300.pt,train,1e-06,3.056604691664688e-05
VAL_AGG,6050,checkpoint_epoch300.pt,train,1e-06,2.437895818729885e-05
VAL_AGG,5651,checkpoint_epoch300.pt,train,1e-06,2.437895818729885e-05
VAL_AGG,8753,checkpoint_epoch300.pt,train,1e-06,2.2842765247332864e-05
VAL_AGG,1068,checkpoint_epoch300.pt,train,1e-06,2.2842765247332864e-05
VAL_AGG,5323,checkpoint_epoch300.pt,train,1e-06,2.6768149837153032e-05
VAL_AGG,3002,checkpoint_epoch300.pt,train,1e-06,2.6768149837153032e-05
VAL_AGG,8253,checkpoint_epoch300.pt,train,1e-06,2.8054935683030635e-05
VAL_AGG,4984,checkpoint_epoch300.pt,train,1e-06,2.8054935683030635e-05
VAL_AGG,3379,checkpoint_epoch300.pt,train,1e-06,2.184822369599715e-05
VAL_AGG,3418,checkpoint_epoch300.pt,train,1e-06,2.184822369599715e-05
VAL_AGG,1606,checkpoint_epoch300.pt,train,1e-06,3.207215922884643e-05
VAL_AGG,4884,checkpoint_epoch300.pt,train,1e-06,3.207215922884643e-05
VAL_AGG,8854,checkpoint_epoch300.pt,train,1e-06,2.4961307644844055e-05
VAL_AGG,7789,checkpoint_epoch300.pt,train,1e-06,2.4961307644844055e-05
VAL_AGG,2818,checkpoint_epoch300.pt,train,1e-06,3.801089042099193e-05
VAL_AGG,2611,checkpoint_epoch300.pt,train,1e-06,3.801089042099193e-05
VAL_AGG,2020,checkpoint_epoch300.pt,train,1e-06,2.3816344764782116e-05
VAL_AGG,8852,checkpoint_epoch300.pt,train,1e-06,2.3816344764782116e-05
VAL_AGG,4127,checkpoint_epoch300.pt,train,1e-06,3.275174094596878e-05
VAL_AGG,4074,checkpoint_epoch300.pt,train,1e-06,3.275174094596878e-05
VAL_AGG,5849,checkpoint_epoch300.pt,train,1e-06,2.3121852791518904e-05
VAL_AGG,1217,checkpoint_epoch300.pt,train,1e-06,2.3121852791518904e-05
VAL_AGG,3964,checkpoint_epoch300.pt,train,1e-06,3.5321030736668035e-05
VAL_AGG,8035,checkpoint_epoch300.pt,train,1e-06,3.5321030736668035e-05
VAL_AGG,2948,checkpoint_epoch300.pt,train,1e-06,2.581318585725967e-05
VAL_AGG,8900,checkpoint_epoch300.pt,train,1e-06,2.581318585725967e-05
VAL_AGG,927,checkpoint_epoch300.pt,train,1e-06,2.723907891777344e-05
VAL_AGG,8039,checkpoint_epoch300.pt,train,1e-06,2.723907891777344e-05
VAL_AGG,373,checkpoint_epoch300.pt,train,1e-06,1.972279278561473e-05
VAL_AGG,8644,checkpoint_epoch300.pt,train,1e-06,1.972279278561473e-05
VAL_AGG,9325,checkpoint_epoch300.pt,train,1e-06,3.422017107368447e-05
VAL_AGG,2588,checkpoint_epoch300.pt,train,1e-06,3.422017107368447e-05
VAL_AGG,543,checkpoint_epoch300.pt,train,1e-06,2.4900304197217338e-05
VAL_AGG,3647,checkpoint_epoch300.pt,train,1e-06,2.4900304197217338e-05
VAL_AGG,10282,checkpoint_epoch300.pt,train,1e-06,3.1001509341876954e-05
VAL_AGG,3692,checkpoint_epoch300.pt,train,1e-06,3.1001509341876954e-05
VAL_AGG,7189,checkpoint_epoch300.pt,train,1e-06,4.501920921029523e-05
VAL_AGG,7277,checkpoint_epoch300.pt,train,1e-06,4.501920921029523e-05
VAL_AGG,3543,checkpoint_epoch300.pt,train,1e-06,3.1024224881548434e-05
VAL_AGG,2615,checkpoint_epoch300.pt,train,1e-06,3.1024224881548434e-05
VAL_AGG,5770,checkpoint_epoch300.pt,train,1e-06,3.733519770321436e-05
VAL_AGG,2685,checkpoint_epoch300.pt,train,1e-06,3.733519770321436e-05
VAL_AGG,3761,checkpoint_epoch300.pt,train,1e-06,2.9753913622698747e-05
VAL_AGG,6208,checkpoint_epoch300.pt,train,1e-06,2.9753913622698747e-05
VAL_AGG,4483,checkpoint_epoch300.pt,train,1e-06,3.306544022052549e-05
VAL_AGG,8113,checkpoint_epoch300.pt,train,1e-06,3.306544022052549e-05
VAL_AGG,259,checkpoint_epoch300.pt,train,1e-06,2.4608432795503177e-05
VAL_AGG,3378,checkpoint_epoch300.pt,train,1e-06,2.4608432795503177e-05
VAL_AGG,4872,checkpoint_epoch300.pt,train,1e-06,3.0068858904996887e-05
VAL_AGG,8444,checkpoint_epoch300.pt,train,1e-06,3.0068858904996887e-05
VAL_AGG,6842,checkpoint_epoch300.pt,train,1e-06,3.933575499104336e-05
VAL_AGG,2254,checkpoint_epoch300.pt,train,1e-06,3.933575499104336e-05
VAL_AGG,6458,checkpoint_epoch300.pt,train,1e-06,3.055322667933069e-05
VAL_AGG,5606,checkpoint_epoch300.pt,train,1e-06,3.055322667933069e-05
VAL_AGG,1616,checkpoint_epoch300.pt,train,1e-06,1.8392807760392316e-05
VAL_AGG,1530,checkpoint_epoch300.pt,train,1e-06,1.8392807760392316e-05
VAL_AGG,7450,checkpoint_epoch300.pt,train,1e-06,3.646953700808808e-05
VAL_AGG,2310,checkpoint_epoch300.pt,train,1e-06,3.646953700808808e-05
VAL_AGG,6109,checkpoint_epoch300.pt,train,1e-06,3.0103017707006074e-05
VAL_AGG,5518,checkpoint_epoch300.pt,train,1e-06,3.0103017707006074e-05
VAL_AGG,2862,checkpoint_epoch300.pt,train,1e-06,2.859588676074054e-05
VAL_AGG,914,checkpoint_epoch300.pt,train,1e-06,2.859588676074054e-05
VAL_AGG,2968,checkpoint_epoch300.pt,train,1e-06,3.1915053114062175e-05
VAL_AGG,5746,checkpoint_epoch300.pt,train,1e-06,3.1915053114062175e-05
VAL_AGG,3782,checkpoint_epoch300.pt,train,1e-06,3.319570896564983e-05
VAL_AGG,6577,checkpoint_epoch300.pt,train,1e-06,3.319570896564983e-05
VAL_AGG,6273,checkpoint_epoch300.pt,train,1e-06,3.137382373097353e-05
VAL_AGG,9447,checkpoint_epoch300.pt,train,1e-06,3.137382373097353e-05
VAL_AGG,4004,checkpoint_epoch300.pt,train,1e-06,3.418746200622991e-05
VAL_AGG,668,checkpoint_epoch300.pt,train,1e-06,3.418746200622991e-05
VAL_AGG,2753,checkpoint_epoch300.pt,train,1e-06,2.9995879231137224e-05
VAL_AGG,900,checkpoint_epoch300.pt,train,1e-06,2.9995879231137224e-05
VAL_AGG,5340,checkpoint_epoch300.pt,train,1e-06,3.1898704037303105e-05
VAL_AGG,9509,checkpoint_epoch300.pt,train,1e-06,3.1898704037303105e-05
VAL_AGG,295,checkpoint_epoch300.pt,train,1e-06,2.142834273399785e-05
VAL_AGG,1351,checkpoint_epoch300.pt,train,1e-06,2.142834273399785e-05
VAL_AGG,47,checkpoint_epoch300.pt,train,1e-06,2.302029861311894e-05
VAL_AGG,2249,checkpoint_epoch300.pt,train,1e-06,2.302029861311894e-05
VAL_AGG,7017,checkpoint_epoch300.pt,train,1e-06,2.965637577290181e-05
VAL_AGG,565,checkpoint_epoch300.pt,train,1e-06,2.965637577290181e-05
VAL_AGG,6906,checkpoint_epoch300.pt,train,1e-06,3.806476161116734e-05
VAL_AGG,1662,checkpoint_epoch300.pt,train,1e-06,3.806476161116734e-05
VAL_AGG,8309,checkpoint_epoch300.pt,train,1e-06,3.2733256375649944e-05
VAL_AGG,10287,checkpoint_epoch300.pt,train,1e-06,3.2733256375649944e-05
VAL_AGG,286,checkpoint_epoch300.pt,train,1e-06,2.4757351638982072e-05
VAL_AGG,8410,checkpoint_epoch300.pt,train,1e-06,2.4757351638982072e-05
VAL_AGG,3601,checkpoint_epoch300.pt,train,1e-06,3.211818329873495e-05
VAL_AGG,10239,checkpoint_epoch300.pt,train,1e-06,3.211818329873495e-05
VAL_AGG,518,checkpoint_epoch300.pt,train,1e-06,2.5404349798918702e-05
VAL_AGG,3501,checkpoint_epoch300.pt,train,1e-06,2.5404349798918702e-05
VAL_AGG,9499,checkpoint_epoch300.pt,train,1e-06,3.076129360124469e-05
VAL_AGG,8471,checkpoint_epoch300.pt,train,1e-06,3.076129360124469e-05
VAL_AGG,4162,checkpoint_epoch300.pt,train,1e-06,2.8083981305826455e-05
VAL_AGG,5688,checkpoint_epoch300.pt,train,1e-06,2.8083981305826455e-05
VAL_AGG,7861,checkpoint_epoch300.pt,train,1e-06,3.4199700166936964e-05
VAL_AGG,2514,checkpoint_epoch300.pt,train,1e-06,3.4199700166936964e-05
VAL_AGG,5309,checkpoint_epoch300.pt,train,1e-06,2.9663053283002228e-05
VAL_AGG,9956,checkpoint_epoch300.pt,train,1e-06,2.9663053283002228e-05
VAL_AGG,10041,checkpoint_epoch300.pt,train,1e-06,2.9406823159661144e-05
VAL_AGG,8461,checkpoint_epoch300.pt,train,1e-06,2.9406823159661144e-05
VAL_AGG,2846,checkpoint_epoch300.pt,train,1e-06,4.849308606935665e-05
VAL_AGG,6726,checkpoint_epoch300.pt,train,1e-06,4.849308606935665e-05
VAL_AGG,2067,checkpoint_epoch300.pt,train,1e-06,2.6763400455820374e-05
VAL_AGG,10193,checkpoint_epoch300.pt,train,1e-06,2.6763400455820374e-05
VAL_AGG,7931,checkpoint_epoch300.pt,train,1e-06,3.749047391465865e-05
VAL_AGG,4024,checkpoint_epoch300.pt,train,1e-06,3.749047391465865e-05
VAL_AGG,1880,checkpoint_epoch300.pt,train,1e-06,2.1768642909592018e-05
VAL_AGG,3742,checkpoint_epoch300.pt,train,1e-06,2.1768642909592018e-05
VAL_AGG,7887,checkpoint_epoch300.pt,train,1e-06,3.6600929888663813e-05
VAL_AGG,4541,checkpoint_epoch300.pt,train,1e-06,3.6600929888663813e-05
VAL_AGG,5819,checkpoint_epoch300.pt,train,1e-06,3.590025880839676e-05
VAL_AGG,4696,checkpoint_epoch300.pt,train,1e-06,3.590025880839676e-05
VAL_AGG,8225,checkpoint_epoch300.pt,train,1e-06,2.5883669877657667e-05
VAL_AGG,2328,checkpoint_epoch300.pt,train,1e-06,2.5883669877657667e-05
VAL_AGG,6025,checkpoint_epoch300.pt,train,1e-06,2.4970069716800936e-05
VAL_AGG,1121,checkpoint_epoch300.pt,train,1e-06,2.4970069716800936e-05
VAL_AGG,9699,checkpoint_epoch300.pt,train,1e-06,3.0906216125003994e-05
VAL_AGG,5834,checkpoint_epoch300.pt,train,1e-06,3.0906216125003994e-05
VAL_AGG,3780,checkpoint_epoch300.pt,train,1e-06,4.044037632411346e-05
VAL_AGG,9364,checkpoint_epoch300.pt,train,1e-06,4.044037632411346e-05
VAL_AGG,210,checkpoint_epoch300.pt,train,1e-06,3.2744774216553196e-05
VAL_AGG,4344,checkpoint_epoch300.pt,train,1e-06,3.2744774216553196e-05
VAL_AGG,1458,checkpoint_epoch300.pt,train,1e-06,2.4997143555083312e-05
VAL_AGG,3620,checkpoint_epoch300.pt,train,1e-06,2.4997143555083312e-05
VAL_AGG,8373,checkpoint_epoch300.pt,train,1e-06,3.0310840884339996e-05
VAL_AGG,5426,checkpoint_epoch300.pt,train,1e-06,3.0310840884339996e-05
VAL_AGG,5022,checkpoint_epoch300.pt,train,1e-06,2.3383694497169927e-05
VAL_AGG,1393,checkpoint_epoch300.pt,train,1e-06,2.3383694497169927e-05
VAL_AGG,4049,checkpoint_epoch300.pt,train,1e-06,2.5939451006706804e-05
VAL_AGG,6080,checkpoint_epoch300.pt,train,1e-06,2.5939451006706804e-05
VAL_AGG,9003,checkpoint_epoch300.pt,train,1e-06,2.575412690930534e-05
VAL_AGG,8495,checkpoint_epoch300.pt,train,1e-06,2.575412690930534e-05
VAL_AGG,4189,checkpoint_epoch300.pt,train,1e-06,3.976598600274883e-05
VAL_AGG,2766,checkpoint_epoch300.pt,train,1e-06,3.976598600274883e-05
VAL_AGG,4630,checkpoint_epoch300.pt,train,1e-06,3.876628397847526e-05
VAL_AGG,4003,checkpoint_epoch300.pt,train,1e-06,3.876628397847526e-05
VAL_AGG,9527,checkpoint_epoch300.pt,train,1e-06,2.4952580133685842e-05
VAL_AGG,106,checkpoint_epoch300.pt,train,1e-06,2.4952580133685842e-05
VAL_AGG,2960,checkpoint_epoch300.pt,train,1e-06,2.8874153940705582e-05
VAL_AGG,6423,checkpoint_epoch300.pt,train,1e-06,2.8874153940705582e-05
VAL_AGG,1691,checkpoint_epoch300.pt,train,1e-06,2.3771601263433695e-05
VAL_AGG,5153,checkpoint_epoch300.pt,train,1e-06,2.3771601263433695e-05
VAL_AGG,1113,checkpoint_epoch300.pt,train,1e-06,3.4291253541596234e-05
VAL_AGG,7410,checkpoint_epoch300.pt,train,1e-06,3.4291253541596234e-05
VAL_AGG,2291,checkpoint_epoch300.pt,train,1e-06,3.1429426599061117e-05
VAL_AGG,7095,checkpoint_epoch300.pt,train,1e-06,3.1429426599061117e-05
VAL_AGG,5034,checkpoint_epoch300.pt,train,1e-06,2.3434360628016293e-05
VAL_AGG,6180,checkpoint_epoch300.pt,train,1e-06,2.3434360628016293e-05
VAL_AGG,2085,checkpoint_epoch300.pt,train,1e-06,3.0765062547288835e-05
VAL_AGG,9432,checkpoint_epoch300.pt,train,1e-06,3.0765062547288835e-05
VAL_AGG,8875,checkpoint_epoch300.pt,train,1e-06,2.9041562811471522e-05
VAL_AGG,9385,checkpoint_epoch300.pt,train,1e-06,2.9041562811471522e-05
VAL_AGG,9971,checkpoint_epoch300.pt,train,1e-06,4.0556351450504735e-05
VAL_AGG,6693,checkpoint_epoch300.pt,train,1e-06,4.0556351450504735e-05
VAL_AGG,7181,checkpoint_epoch300.pt,train,1e-06,3.4103155485354364e-05
VAL_AGG,2301,checkpoint_epoch300.pt,train,1e-06,3.4103155485354364e-05
VAL_AGG,2813,checkpoint_epoch300.pt,train,1e-06,3.061124516534619e-05
VAL_AGG,3404,checkpoint_epoch300.pt,train,1e-06,3.061124516534619e-05
VAL_AGG,7369,checkpoint_epoch300.pt,train,1e-06,4.5185221097199246e-05
VAL_AGG,4877,checkpoint_epoch300.pt,train,1e-06,4.5185221097199246e-05
VAL_AGG,8850,checkpoint_epoch300.pt,train,1e-06,2.219281486759428e-05
VAL_AGG,29,checkpoint_epoch300.pt,train,1e-06,2.219281486759428e-05
VAL_AGG,1631,checkpoint_epoch300.pt,train,1e-06,1.8358025045017712e-05
VAL_AGG,1369,checkpoint_epoch300.pt,train,1e-06,1.8358025045017712e-05
VAL_AGG,1149,checkpoint_epoch300.pt,train,1e-06,2.245223367935978e-05
VAL_AGG,9854,checkpoint_epoch300.pt,train,1e-06,2.245223367935978e-05
VAL_AGG,2930,checkpoint_epoch300.pt,train,1e-06,2.9449416615534574e-05
VAL_AGG,5271,checkpoint_epoch300.pt,train,1e-06,2.9449416615534574e-05
VAL_AGG,2992,checkpoint_epoch300.pt,train,1e-06,3.4336622775299475e-05
VAL_AGG,8005,checkpoint_epoch300.pt,train,1e-06,3.4336622775299475e-05
VAL_AGG,3448,checkpoint_epoch300.pt,train,1e-06,3.5959878005087376e-05
VAL_AGG,7430,checkpoint_epoch300.pt,train,1e-06,3.5959878005087376e-05
VAL_AGG,3481,checkpoint_epoch300.pt,train,1e-06,3.3704218367347494e-05
VAL_AGG,794,checkpoint_epoch300.pt,train,1e-06,3.3704218367347494e-05
VAL_AGG,108,checkpoint_epoch300.pt,train,1e-06,2.4213410142692737e-05
VAL_AGG,3413,checkpoint_epoch300.pt,train,1e-06,2.4213410142692737e-05
VAL_AGG,1905,checkpoint_epoch300.pt,train,1e-06,3.10652976622805e-05
VAL_AGG,7142,checkpoint_epoch300.pt,train,1e-06,3.10652976622805e-05
VAL_AGG,7282,checkpoint_epoch300.pt,train,1e-06,3.769903923966922e-05
VAL_AGG,8139,checkpoint_epoch300.pt,train,1e-06,3.769903923966922e-05
VAL_AGG,3853,checkpoint_epoch300.pt,train,1e-06,4.984612678526901e-05
VAL_AGG,7616,checkpoint_epoch300.pt,train,1e-06,4.984612678526901e-05
VAL_AGG,6901,checkpoint_epoch300.pt,train,1e-06,4.022886787424795e-05
VAL_AGG,9073,checkpoint_epoch300.pt,train,1e-06,4.022886787424795e-05
VAL_AGG,1981,checkpoint_epoch300.pt,train,1e-06,2.531925929361023e-05
VAL_AGG,3128,checkpoint_epoch300.pt,train,1e-06,2.531925929361023e-05
VAL_AGG,4614,checkpoint_epoch300.pt,train,1e-06,3.7024194170953706e-05
VAL_AGG,4848,checkpoint_epoch300.pt,train,1e-06,3.7024194170953706e-05
VAL_AGG,2303,checkpoint_epoch300.pt,train,1e-06,3.7376361433416605e-05
VAL_AGG,6849,checkpoint_epoch300.pt,train,1e-06,3.7376361433416605e-05
VAL_AGG,4657,checkpoint_epoch300.pt,train,1e-06,3.107582597294822e-05
VAL_AGG,265,checkpoint_epoch300.pt,train,1e-06,3.107582597294822e-05
VAL_AGG,4023,checkpoint_epoch300.pt,train,1e-06,4.551681558950804e-05
VAL_AGG,7391,checkpoint_epoch300.pt,train,1e-06,4.551681558950804e-05
VAL_AGG,3519,checkpoint_epoch300.pt,train,1e-06,2.8908068998134695e-05
VAL_AGG,5844,checkpoint_epoch300.pt,train,1e-06,2.8908068998134695e-05
VAL_AGG,3387,checkpoint_epoch300.pt,train,1e-06,3.386492244317196e-05
VAL_AGG,7354,checkpoint_epoch300.pt,train,1e-06,3.386492244317196e-05
VAL_AGG,5792,checkpoint_epoch300.pt,train,1e-06,2.812500315485522e-05
VAL_AGG,9648,checkpoint_epoch300.pt,train,1e-06,2.812500315485522e-05
VAL_AGG,7510,checkpoint_epoch300.pt,train,1e-06,3.764374923775904e-05
VAL_AGG,1470,checkpoint_epoch300.pt,train,1e-06,3.764374923775904e-05
VAL_AGG,952,checkpoint_epoch300.pt,train,1e-06,1.7670154193183407e-05
VAL_AGG,1111,checkpoint_epoch300.pt,train,1e-06,1.7670154193183407e-05
VAL_AGG,293,checkpoint_epoch300.pt,train,1e-06,2.3128923203330487e-05
VAL_AGG,8668,checkpoint_epoch300.pt,train,1e-06,2.3128923203330487e-05
VAL_AGG,9897,checkpoint_epoch300.pt,train,1e-06,2.553250851633493e-05
VAL_AGG,8546,checkpoint_epoch300.pt,train,1e-06,2.553250851633493e-05
VAL_AGG,1965,checkpoint_epoch300.pt,train,1e-06,2.1869602278457023e-05
VAL_AGG,3424,checkpoint_epoch300.pt,train,1e-06,2.1869602278457023e-05
VAL_AGG,4955,checkpoint_epoch300.pt,train,1e-06,2.9709350201301277e-05
VAL_AGG,576,checkpoint_epoch300.pt,train,1e-06,2.9709350201301277e-05
VAL_AGG,9400,checkpoint_epoch300.pt,train,1e-06,3.477055361145176e-05
VAL_AGG,10189,checkpoint_epoch300.pt,train,1e-06,3.477055361145176e-05
VAL_AGG,3315,checkpoint_epoch300.pt,train,1e-06,2.2311734937829897e-05
VAL_AGG,8910,checkpoint_epoch300.pt,train,1e-06,2.2311734937829897e-05
VAL_AGG,7162,checkpoint_epoch300.pt,train,1e-06,3.512034527375363e-05
VAL_AGG,14,checkpoint_epoch300.pt,train,1e-06,3.512034527375363e-05
VAL_AGG,10100,checkpoint_epoch300.pt,train,1e-06,2.650629721756559e-05
VAL_AGG,8667,checkpoint_epoch300.pt,train,1e-06,2.650629721756559e-05
VAL_AGG,2595,checkpoint_epoch300.pt,train,1e-06,2.954534465970937e-05
VAL_AGG,9549,checkpoint_epoch300.pt,train,1e-06,2.954534465970937e-05
VAL_AGG,1087,checkpoint_epoch300.pt,train,1e-06,1.895151217468083e-05
VAL_AGG,3434,checkpoint_epoch300.pt,train,1e-06,1.895151217468083e-05
VAL_AGG,9401,checkpoint_epoch300.pt,train,1e-06,3.977760934503749e-05
VAL_AGG,6984,checkpoint_epoch300.pt,train,1e-06,3.977760934503749e-05
VAL_AGG,7986,checkpoint_epoch300.pt,train,1e-06,2.8206779461470433e-05
VAL_AGG,1453,checkpoint_epoch300.pt,train,1e-06,2.8206779461470433e-05
VAL_AGG,1864,checkpoint_epoch300.pt,train,1e-06,2.1893256416660734e-05
VAL_AGG,5769,checkpoint_epoch300.pt,train,1e-06,2.1893256416660734e-05
VAL_AGG,3012,checkpoint_epoch300.pt,train,1e-06,2.5203999030054547e-05
VAL_AGG,5501,checkpoint_epoch300.pt,train,1e-06,2.5203999030054547e-05
VAL_AGG,92,checkpoint_epoch300.pt,train,1e-06,3.751435724552721e-05
VAL_AGG,2648,checkpoint_epoch300.pt,train,1e-06,3.751435724552721e-05
VAL_AGG,4656,checkpoint_epoch300.pt,train,1e-06,3.370086051290855e-05
VAL_AGG,2982,checkpoint_epoch300.pt,train,1e-06,3.370086051290855e-05
VAL_AGG,7046,checkpoint_epoch300.pt,train,1e-06,3.0430552214966156e-05
VAL_AGG,3614,checkpoint_epoch300.pt,train,1e-06,3.0430552214966156e-05
VAL_AGG,2996,checkpoint_epoch300.pt,train,1e-06,2.6058276489493437e-05
VAL_AGG,496,checkpoint_epoch300.pt,train,1e-06,2.6058276489493437e-05
VAL_AGG,6289,checkpoint_epoch300.pt,train,1e-06,3.0397475711652078e-05
VAL_AGG,3721,checkpoint_epoch300.pt,train,1e-06,3.0397475711652078e-05
VAL_AGG,2233,checkpoint_epoch300.pt,train,1e-06,2.7090007279184647e-05
VAL_AGG,5872,checkpoint_epoch300.pt,train,1e-06,2.7090007279184647e-05
VAL_AGG,5143,checkpoint_epoch300.pt,train,1e-06,3.5049935831921175e-05
VAL_AGG,8149,checkpoint_epoch300.pt,train,1e-06,3.5049935831921175e-05
VAL_AGG,2455,checkpoint_epoch300.pt,train,1e-06,3.25315777445212e-05
VAL_AGG,3891,checkpoint_epoch300.pt,train,1e-06,3.25315777445212e-05
VAL_AGG,3245,checkpoint_epoch300.pt,train,1e-06,3.4502139897085726e-05
VAL_AGG,10331,checkpoint_epoch300.pt,train,1e-06,3.4502139897085726e-05
VAL_AGG,958,checkpoint_epoch300.pt,train,1e-06,2.0898778529954143e-05
VAL_AGG,4989,checkpoint_epoch300.pt,train,1e-06,2.0898778529954143e-05
VAL_AGG,2412,checkpoint_epoch300.pt,train,1e-06,3.0259992854553275e-05
VAL_AGG,3187,checkpoint_epoch300.pt,train,1e-06,3.0259992854553275e-05
VAL_AGG,4993,checkpoint_epoch300.pt,train,1e-06,3.868372368742712e-05
VAL_AGG,7383,checkpoint_epoch300.pt,train,1e-06,3.868372368742712e-05
VAL_AGG,9383,checkpoint_epoch300.pt,train,1e-06,2.9394184821285307e-05
VAL_AGG,1501,checkpoint_epoch300.pt,train,1e-06,2.9394184821285307e-05
VAL_AGG,5359,checkpoint_epoch300.pt,train,1e-06,3.393207225599326e-05
VAL_AGG,5681,checkpoint_epoch300.pt,train,1e-06,3.393207225599326e-05
VAL_AGG,9810,checkpoint_epoch300.pt,train,1e-06,3.3935546525754035e-05
VAL_AGG,7835,checkpoint_epoch300.pt,train,1e-06,3.3935546525754035e-05
VAL_AGG,8584,checkpoint_epoch300.pt,train,1e-06,2.9226503102108836e-05
VAL_AGG,4879,checkpoint_epoch300.pt,train,1e-06,2.9226503102108836e-05
VAL_AGG,3133,checkpoint_epoch300.pt,train,1e-06,2.395191040704958e-05
VAL_AGG,5747,checkpoint_epoch300.pt,train,1e-06,2.395191040704958e-05
VAL_AGG,1886,checkpoint_epoch300.pt,train,1e-06,2.093555303872563e-05
VAL_AGG,9969,checkpoint_epoch300.pt,train,1e-06,2.093555303872563e-05
VAL_AGG,765,checkpoint_epoch300.pt,train,1e-06,3.044767800020054e-05
VAL_AGG,10106,checkpoint_epoch300.pt,train,1e-06,3.044767800020054e-05
VAL_AGG,388,checkpoint_epoch300.pt,train,1e-06,2.2492407879326493e-05
VAL_AGG,5032,checkpoint_epoch300.pt,train,1e-06,2.2492407879326493e-05
VAL_AGG,1208,checkpoint_epoch300.pt,train,1e-06,1.9757473637582734e-05
VAL_AGG,1740,checkpoint_epoch300.pt,train,1e-06,1.9757473637582734e-05
VAL_AGG,4075,checkpoint_epoch300.pt,train,1e-06,2.9154114599805325e-05
VAL_AGG,1107,checkpoint_epoch300.pt,train,1e-06,2.9154114599805325e-05
VAL_AGG,8746,checkpoint_epoch300.pt,train,1e-06,2.8301426937105134e-05
VAL_AGG,7801,checkpoint_epoch300.pt,train,1e-06,2.8301426937105134e-05
VAL_AGG,795,checkpoint_epoch300.pt,train,1e-06,3.89624219678808e-05
VAL_AGG,7460,checkpoint_epoch300.pt,train,1e-06,3.89624219678808e-05
VAL_AGG,88,checkpoint_epoch300.pt,train,1e-06,2.277488965773955e-05
VAL_AGG,510,checkpoint_epoch300.pt,train,1e-06,2.277488965773955e-05
VAL_AGG,7272,checkpoint_epoch300.pt,train,1e-06,4.335557605372742e-05
VAL_AGG,4597,checkpoint_epoch300.pt,train,1e-06,4.335557605372742e-05
VAL_AGG,2956,checkpoint_epoch300.pt,train,1e-06,2.35683055507252e-05
VAL_AGG,1123,checkpoint_epoch300.pt,train,1e-06,2.35683055507252e-05
VAL_AGG,7139,checkpoint_epoch300.pt,train,1e-06,4.4788324885303155e-05
VAL_AGG,7334,checkpoint_epoch300.pt,train,1e-06,4.4788324885303155e-05
VAL_AGG,3592,checkpoint_epoch300.pt,train,1e-06,4.74572298116982e-05
VAL_AGG,7765,checkpoint_epoch300.pt,train,1e-06,4.74572298116982e-05
VAL_AGG,3059,checkpoint_epoch300.pt,train,1e-06,2.9045990231679752e-05
VAL_AGG,3520,checkpoint_epoch300.pt,train,1e-06,2.9045990231679752e-05
VAL_AGG,9302,checkpoint_epoch300.pt,train,1e-06,4.574699414661154e-05
VAL_AGG,7458,checkpoint_epoch300.pt,train,1e-06,4.574699414661154e-05
VAL_AGG,5918,checkpoint_epoch300.pt,train,1e-06,3.592764551285654e-05
VAL_AGG,9384,checkpoint_epoch300.pt,train,1e-06,3.592764551285654e-05
VAL_AGG,651,checkpoint_epoch300.pt,train,1e-06,3.117380401818082e-05
VAL_AGG,4689,checkpoint_epoch300.pt,train,1e-06,3.117380401818082e-05
VAL_AGG,6977,checkpoint_epoch300.pt,train,1e-06,4.6024939365452155e-05
VAL_AGG,9330,checkpoint_epoch300.pt,train,1e-06,4.6024939365452155e-05
VAL_AGG,1511,checkpoint_epoch300.pt,train,1e-06,1.7819580534705892e-05
VAL_AGG,1496,checkpoint_epoch300.pt,train,1e-06,1.7819580534705892e-05
VAL_AGG,3065,checkpoint_epoch300.pt,train,1e-06,2.7344489353708923e-05
VAL_AGG,9071,checkpoint_epoch300.pt,train,1e-06,2.7344489353708923e-05
VAL_AGG,4466,checkpoint_epoch300.pt,train,1e-06,2.479984686942771e-05
VAL_AGG,1835,checkpoint_epoch300.pt,train,1e-06,2.479984686942771e-05
VAL_AGG,416,checkpoint_epoch300.pt,train,1e-06,2.2067073587095365e-05
VAL_AGG,1408,checkpoint_epoch300.pt,train,1e-06,2.2067073587095365e-05
VAL_AGG,621,checkpoint_epoch300.pt,train,1e-06,3.569277032511309e-05
VAL_AGG,7235,checkpoint_epoch300.pt,train,1e-06,3.569277032511309e-05
VAL_AGG,718,checkpoint_epoch300.pt,train,1e-06,2.2048847313271835e-05
VAL_AGG,1076,checkpoint_epoch300.pt,train,1e-06,2.2048847313271835e-05
VAL_AGG,4582,checkpoint_epoch300.pt,train,1e-06,3.081760951317847e-05
VAL_AGG,3007,checkpoint_epoch300.pt,train,1e-06,3.081760951317847e-05
VAL_AGG,4921,checkpoint_epoch300.pt,train,1e-06,3.745662615983747e-05
VAL_AGG,4368,checkpoint_epoch300.pt,train,1e-06,3.745662615983747e-05
VAL_AGG,4209,checkpoint_epoch300.pt,train,1e-06,2.757260881480761e-05
VAL_AGG,2586,checkpoint_epoch300.pt,train,1e-06,2.757260881480761e-05
VAL_AGG,4722,checkpoint_epoch300.pt,train,1e-06,2.479299837432336e-05
VAL_AGG,6211,checkpoint_epoch300.pt,train,1e-06,2.479299837432336e-05
VAL_AGG,7032,checkpoint_epoch300.pt,train,1e-06,3.31581941281911e-05
VAL_AGG,3024,checkpoint_epoch300.pt,train,1e-06,3.31581941281911e-05
VAL_AGG,4083,checkpoint_epoch300.pt,train,1e-06,3.462563836365007e-05
VAL_AGG,2183,checkpoint_epoch300.pt,train,1e-06,3.462563836365007e-05
VAL_AGG,8,checkpoint_epoch300.pt,train,1e-06,2.188820690207649e-05
VAL_AGG,399,checkpoint_epoch300.pt,train,1e-06,2.188820690207649e-05
VAL_AGG,3541,checkpoint_epoch300.pt,train,1e-06,3.562159326975234e-05
VAL_AGG,6481,checkpoint_epoch300.pt,train,1e-06,3.562159326975234e-05
VAL_AGG,1626,checkpoint_epoch300.pt,train,1e-06,1.770148446667008e-05
VAL_AGG,6105,checkpoint_epoch300.pt,train,1e-06,1.770148446667008e-05
VAL_AGG,8928,checkpoint_epoch300.pt,train,1e-06,3.339734030305408e-05
VAL_AGG,3833,checkpoint_epoch300.pt,train,1e-06,3.339734030305408e-05
VAL_AGG,4028,checkpoint_epoch300.pt,train,1e-06,3.6598699807655066e-05
VAL_AGG,7905,checkpoint_epoch300.pt,train,1e-06,3.6598699807655066e-05
VAL_AGG,5303,checkpoint_epoch300.pt,train,1e-06,2.772392690530978e-05
VAL_AGG,5857,checkpoint_epoch300.pt,train,1e-06,2.772392690530978e-05
VAL_AGG,5945,checkpoint_epoch300.pt,train,1e-06,3.403517621336505e-05
VAL_AGG,4429,checkpoint_epoch300.pt,train,1e-06,3.403517621336505e-05
VAL_AGG,4335,checkpoint_epoch300.pt,train,1e-06,2.8789430871256627e-05
VAL_AGG,8548,checkpoint_epoch300.pt,train,1e-06,2.8789430871256627e-05
VAL_AGG,1718,checkpoint_epoch300.pt,train,1e-06,2.704822145460639e-05
VAL_AGG,4337,checkpoint_epoch300.pt,train,1e-06,2.704822145460639e-05
VAL_AGG,3562,checkpoint_epoch300.pt,train,1e-06,2.8824573746533133e-05
VAL_AGG,2513,checkpoint_epoch300.pt,train,1e-06,2.8824573746533133e-05
VAL_AGG,8994,checkpoint_epoch300.pt,train,1e-06,2.516679342079442e-05
VAL_AGG,582,checkpoint_epoch300.pt,train,1e-06,2.516679342079442e-05
VAL_AGG,10357,checkpoint_epoch300.pt,train,1e-06,2.996736475324724e-05
VAL_AGG,624,checkpoint_epoch300.pt,train,1e-06,2.996736475324724e-05
VAL_AGG,568,checkpoint_epoch300.pt,train,1e-06,2.214670166722499e-05
VAL_AGG,730,checkpoint_epoch300.pt,train,1e-06,2.214670166722499e-05
VAL_AGG,1210,checkpoint_epoch300.pt,train,1e-06,2.679945100680925e-05
VAL_AGG,9195,checkpoint_epoch300.pt,train,1e-06,2.679945100680925e-05
VAL_AGG,1155,checkpoint_epoch300.pt,train,1e-06,2.8832839234382845e-05
VAL_AGG,2692,checkpoint_epoch300.pt,train,1e-06,2.8832839234382845e-05
VAL_AGG,8565,checkpoint_epoch300.pt,train,1e-06,4.314759644330479e-05
VAL_AGG,7626,checkpoint_epoch300.pt,train,1e-06,4.314759644330479e-05
VAL_AGG,2483,checkpoint_epoch300.pt,train,1e-06,2.4614239009679295e-05
VAL_AGG,360,checkpoint_epoch300.pt,train,1e-06,2.4614239009679295e-05
VAL_AGG,4794,checkpoint_epoch300.pt,train,1e-06,3.331201878609136e-05
VAL_AGG,5921,checkpoint_epoch300.pt,train,1e-06,3.331201878609136e-05
VAL_AGG,291,checkpoint_epoch300.pt,train,1e-06,3.198393460479565e-05
VAL_AGG,7926,checkpoint_epoch300.pt,train,1e-06,3.198393460479565e-05
VAL_AGG,2271,checkpoint_epoch300.pt,train,1e-06,2.3314341888180934e-05
VAL_AGG,101,checkpoint_epoch300.pt,train,1e-06,2.3314341888180934e-05
VAL_AGG,9084,checkpoint_epoch300.pt,train,1e-06,3.3242620702367276e-05
VAL_AGG,10266,checkpoint_epoch300.pt,train,1e-06,3.3242620702367276e-05
VAL_AGG,6403,checkpoint_epoch300.pt,train,1e-06,2.3569129552925006e-05
VAL_AGG,1250,checkpoint_epoch300.pt,train,1e-06,2.3569129552925006e-05
VAL_AGG,7305,checkpoint_epoch300.pt,train,1e-06,3.351196937728673e-05
VAL_AGG,1247,checkpoint_epoch300.pt,train,1e-06,3.351196937728673e-05
VAL_AGG,4169,checkpoint_epoch300.pt,train,1e-06,3.475613266346045e-05
VAL_AGG,6498,checkpoint_epoch300.pt,train,1e-06,3.475613266346045e-05
VAL_AGG,4304,checkpoint_epoch300.pt,train,1e-06,2.576920269348193e-05
VAL_AGG,8891,checkpoint_epoch300.pt,train,1e-06,2.576920269348193e-05
VAL_AGG,3994,checkpoint_epoch300.pt,train,1e-06,3.6381607060320675e-05
VAL_AGG,4618,checkpoint_epoch300.pt,train,1e-06,3.6381607060320675e-05
VAL_AGG,1578,checkpoint_epoch300.pt,train,1e-06,1.8621216440806165e-05
VAL_AGG,3438,checkpoint_epoch300.pt,train,1e-06,1.8621216440806165e-05
VAL_AGG,3945,checkpoint_epoch300.pt,train,1e-06,2.6098186935996637e-05
VAL_AGG,1446,checkpoint_epoch300.pt,train,1e-06,2.6098186935996637e-05
VAL_AGG,2970,checkpoint_epoch300.pt,train,1e-06,2.9819924748153426e-05
VAL_AGG,9816,checkpoint_epoch300.pt,train,1e-06,2.9819924748153426e-05
VAL_AGG,960,checkpoint_epoch300.pt,train,1e-06,3.058842776226811e-05
VAL_AGG,2609,checkpoint_epoch300.pt,train,1e-06,3.058842776226811e-05
VAL_AGG,10034,checkpoint_epoch300.pt,train,1e-06,3.097852459177375e-05
VAL_AGG,2391,checkpoint_epoch300.pt,train,1e-06,3.097852459177375e-05
VAL_AGG,3813,checkpoint_epoch300.pt,train,1e-06,3.0452554710791446e-05
VAL_AGG,563,checkpoint_epoch300.pt,train,1e-06,3.0452554710791446e-05
VAL_AGG,2260,checkpoint_epoch300.pt,train,1e-06,2.1988544176565483e-05
VAL_AGG,1512,checkpoint_epoch300.pt,train,1e-06,2.1988544176565483e-05
VAL_AGG,3869,checkpoint_epoch300.pt,train,1e-06,3.5149245377397165e-05
VAL_AGG,8252,checkpoint_epoch300.pt,train,1e-06,3.5149245377397165e-05
VAL_AGG,4693,checkpoint_epoch300.pt,train,1e-06,3.3880980481626466e-05
VAL_AGG,2903,checkpoint_epoch300.pt,train,1e-06,3.3880980481626466e-05
VAL_AGG,8898,checkpoint_epoch300.pt,train,1e-06,2.4370177925447933e-05
VAL_AGG,63,checkpoint_epoch300.pt,train,1e-06,2.4370177925447933e-05
VAL_AGG,1330,checkpoint_epoch300.pt,train,1e-06,3.0317336495500058e-05
VAL_AGG,2750,checkpoint_epoch300.pt,train,1e-06,3.0317336495500058e-05
VAL_AGG,1254,checkpoint_epoch300.pt,train,1e-06,2.4762257453403436e-05
VAL_AGG,3706,checkpoint_epoch300.pt,train,1e-06,2.4762257453403436e-05
VAL_AGG,8405,checkpoint_epoch300.pt,train,1e-06,2.596414378785994e-05
VAL_AGG,6027,checkpoint_epoch300.pt,train,1e-06,2.596414378785994e-05
VAL_AGG,1284,checkpoint_epoch300.pt,train,1e-06,2.4312999812536873e-05
VAL_AGG,5339,checkpoint_epoch300.pt,train,1e-06,2.4312999812536873e-05
VAL_AGG,1368,checkpoint_epoch300.pt,train,1e-06,2.575102189439349e-05
VAL_AGG,9039,checkpoint_epoch300.pt,train,1e-06,2.575102189439349e-05
VAL_AGG,2319,checkpoint_epoch300.pt,train,1e-06,2.899308856285643e-05
VAL_AGG,8307,checkpoint_epoch300.pt,train,1e-06,2.899308856285643e-05
VAL_AGG,7525,checkpoint_epoch300.pt,train,1e-06,4.181492477073334e-05
VAL_AGG,2492,checkpoint_epoch300.pt,train,1e-06,4.181492477073334e-05
VAL_AGG,2167,checkpoint_epoch300.pt,train,1e-06,2.0475208657444455e-05
VAL_AGG,1145,checkpoint_epoch300.pt,train,1e-06,2.0475208657444455e-05
VAL_AGG,1783,checkpoint_epoch300.pt,train,1e-06,2.1875019228900783e-05
VAL_AGG,245,checkpoint_epoch300.pt,train,1e-06,2.1875019228900783e-05
VAL_AGG,5470,checkpoint_epoch300.pt,train,1e-06,4.5610893721459433e-05
VAL_AGG,7680,checkpoint_epoch300.pt,train,1e-06,4.5610893721459433e-05
VAL_AGG,1901,checkpoint_epoch300.pt,train,1e-06,2.428052539471537e-05
VAL_AGG,9164,checkpoint_epoch300.pt,train,1e-06,2.428052539471537e-05
VAL_AGG,5202,checkpoint_epoch300.pt,train,1e-06,3.374394873389974e-05
VAL_AGG,3826,checkpoint_epoch300.pt,train,1e-06,3.374394873389974e-05
VAL_AGG,333,checkpoint_epoch300.pt,train,1e-06,2.1573730919044465e-05
VAL_AGG,5174,checkpoint_epoch300.pt,train,1e-06,2.1573730919044465e-05
VAL_AGG,5018,checkpoint_epoch300.pt,train,1e-06,2.8111235224059783e-05
VAL_AGG,10332,checkpoint_epoch300.pt,train,1e-06,2.8111235224059783e-05
VAL_AGG,9598,checkpoint_epoch300.pt,train,1e-06,2.7973843316431157e-05
VAL_AGG,10057,checkpoint_epoch300.pt,train,1e-06,2.7973843316431157e-05
VAL_AGG,5763,checkpoint_epoch300.pt,train,1e-06,3.1041861802805215e-05
VAL_AGG,263,checkpoint_epoch300.pt,train,1e-06,3.1041861802805215e-05
VAL_AGG,7637,checkpoint_epoch300.pt,train,1e-06,4.5527733163908124e-05
VAL_AGG,2859,checkpoint_epoch300.pt,train,1e-06,4.5527733163908124e-05
VAL_AGG,5972,checkpoint_epoch300.pt,train,1e-06,2.908341593865771e-05
VAL_AGG,6248,checkpoint_epoch300.pt,train,1e-06,2.908341593865771e-05
VAL_AGG,655,checkpoint_epoch300.pt,train,1e-06,2.7382855478208512e-05
VAL_AGG,623,checkpoint_epoch300.pt,train,1e-06,2.7382855478208512e-05
VAL_AGG,7488,checkpoint_epoch300.pt,train,1e-06,4.135188282816671e-05
VAL_AGG,4215,checkpoint_epoch300.pt,train,1e-06,4.135188282816671e-05
VAL_AGG,8069,checkpoint_epoch300.pt,train,1e-06,2.9014032406848855e-05
VAL_AGG,1418,checkpoint_epoch300.pt,train,1e-06,2.9014032406848855e-05
VAL_AGG,4704,checkpoint_epoch300.pt,train,1e-06,2.9329054086701944e-05
VAL_AGG,8547,checkpoint_epoch300.pt,train,1e-06,2.9329054086701944e-05
VAL_AGG,3905,checkpoint_epoch300.pt,train,1e-06,3.4458873415132985e-05
VAL_AGG,6598,checkpoint_epoch300.pt,train,1e-06,3.4458873415132985e-05
VAL_AGG,9260,checkpoint_epoch300.pt,train,1e-06,3.105265932390466e-05
VAL_AGG,4960,checkpoint_epoch300.pt,train,1e-06,3.105265932390466e-05
VAL_AGG,367,checkpoint_epoch300.pt,train,1e-06,3.9456946979044005e-05
VAL_AGG,7529,checkpoint_epoch300.pt,train,1e-06,3.9456946979044005e-05
VAL_AGG,736,checkpoint_epoch300.pt,train,1e-06,4.771876410814002e-05
VAL_AGG,7551,checkpoint_epoch300.pt,train,1e-06,4.771876410814002e-05
VAL_AGG,3298,checkpoint_epoch300.pt,train,1e-06,2.208186015195679e-05
VAL_AGG,1851,checkpoint_epoch300.pt,train,1e-06,2.208186015195679e-05
VAL_AGG,4043,checkpoint_epoch300.pt,train,1e-06,3.45686094078701e-05
VAL_AGG,6372,checkpoint_epoch300.pt,train,1e-06,3.45686094078701e-05
VAL_AGG,577,checkpoint_epoch300.pt,train,1e-06,3.0496221370412968e-05
VAL_AGG,7907,checkpoint_epoch300.pt,train,1e-06,3.0496221370412968e-05
VAL_AGG,1078,checkpoint_epoch300.pt,train,1e-06,2.2580094082513824e-05
VAL_AGG,8544,checkpoint_epoch300.pt,train,1e-06,2.2580094082513824e-05
VAL_AGG,883,checkpoint_epoch300.pt,train,1e-06,2.7853157007484697e-05
VAL_AGG,3771,checkpoint_epoch300.pt,train,1e-06,2.7853157007484697e-05
VAL_AGG,8849,checkpoint_epoch300.pt,train,1e-06,2.3412205337081105e-05
VAL_AGG,9052,checkpoint_epoch300.pt,train,1e-06,2.3412205337081105e-05
VAL_AGG,3473,checkpoint_epoch300.pt,train,1e-06,2.9936105420347303e-05
VAL_AGG,5265,checkpoint_epoch300.pt,train,1e-06,2.9936105420347303e-05
VAL_AGG,7259,checkpoint_epoch300.pt,train,1e-06,4.1648887417977676e-05
VAL_AGG,2855,checkpoint_epoch300.pt,train,1e-06,4.1648887417977676e-05
VAL_AGG,4374,checkpoint_epoch300.pt,train,1e-06,2.9067225113976747e-05
VAL_AGG,1684,checkpoint_epoch300.pt,train,1e-06,2.9067225113976747e-05
VAL_AGG,1190,checkpoint_epoch300.pt,train,1e-06,3.0988372600404546e-05
VAL_AGG,2732,checkpoint_epoch300.pt,train,1e-06,3.0988372600404546e-05
VAL_AGG,9778,checkpoint_epoch300.pt,train,1e-06,3.0288978450698778e-05
VAL_AGG,6543,checkpoint_epoch300.pt,train,1e-06,3.0288978450698778e-05
VAL_AGG,2771,checkpoint_epoch300.pt,train,1e-06,3.652780651464127e-05
VAL_AGG,76,checkpoint_epoch300.pt,train,1e-06,3.652780651464127e-05
VAL_AGG,5014,checkpoint_epoch300.pt,train,1e-06,3.853122689179145e-05
VAL_AGG,6810,checkpoint_epoch300.pt,train,1e-06,3.853122689179145e-05
VAL_AGG,3794,checkpoint_epoch300.pt,train,1e-06,3.358252433827147e-05
VAL_AGG,4284,checkpoint_epoch300.pt,train,1e-06,3.358252433827147e-05
VAL_AGG,1147,checkpoint_epoch300.pt,train,1e-06,2.9665046895388514e-05
VAL_AGG,8054,checkpoint_epoch300.pt,train,1e-06,2.9665046895388514e-05
VAL_AGG,5665,checkpoint_epoch300.pt,train,1e-06,2.8733364160871133e-05
VAL_AGG,9169,checkpoint_epoch300.pt,train,1e-06,2.8733364160871133e-05
VAL_AGG,4812,checkpoint_epoch300.pt,train,1e-06,3.8550129829673097e-05
VAL_AGG,4252,checkpoint_epoch300.pt,train,1e-06,3.8550129829673097e-05
VAL_AGG,3437,checkpoint_epoch300.pt,train,1e-06,3.195278259227052e-05
VAL_AGG,4626,checkpoint_epoch300.pt,train,1e-06,3.195278259227052e-05
VAL_AGG,5785,checkpoint_epoch300.pt,train,1e-06,2.8352664230624214e-05
VAL_AGG,5138,checkpoint_epoch300.pt,train,1e-06,2.8352664230624214e-05
VAL_AGG,10223,checkpoint_epoch300.pt,train,1e-06,2.9075483325868845e-05
VAL_AGG,4064,checkpoint_epoch300.pt,train,1e-06,2.9075483325868845e-05
VAL_AGG,9430,checkpoint_epoch300.pt,train,1e-06,3.4190841688541695e-05
VAL_AGG,8182,checkpoint_epoch300.pt,train,1e-06,3.4190841688541695e-05
VAL_AGG,683,checkpoint_epoch300.pt,train,1e-06,3.3658459869911894e-05
VAL_AGG,2874,checkpoint_epoch300.pt,train,1e-06,3.3658459869911894e-05
VAL_AGG,3,checkpoint_epoch300.pt,train,1e-06,2.9187407562858425e-05
VAL_AGG,647,checkpoint_epoch300.pt,train,1e-06,2.9187407562858425e-05
VAL_AGG,3204,checkpoint_epoch300.pt,train,1e-06,3.336461668368429e-05
VAL_AGG,6018,checkpoint_epoch300.pt,train,1e-06,3.336461668368429e-05
VAL_AGG,9250,checkpoint_epoch300.pt,train,1e-06,3.268471482442692e-05
VAL_AGG,2519,checkpoint_epoch300.pt,train,1e-06,3.268471482442692e-05
VAL_AGG,290,checkpoint_epoch300.pt,train,1e-06,3.116456718998961e-05
VAL_AGG,7051,checkpoint_epoch300.pt,train,1e-06,3.116456718998961e-05
VAL_AGG,8431,checkpoint_epoch300.pt,train,1e-06,2.4773105906206183e-05
VAL_AGG,676,checkpoint_epoch300.pt,train,1e-06,2.4773105906206183e-05
VAL_AGG,10042,checkpoint_epoch300.pt,train,1e-06,3.397681575734168e-05
VAL_AGG,7028,checkpoint_epoch300.pt,train,1e-06,3.397681575734168e-05
VAL_AGG,6328,checkpoint_epoch300.pt,train,1e-06,2.6049245207104832e-05
VAL_AGG,6476,checkpoint_epoch300.pt,train,1e-06,2.6049245207104832e-05
VAL_AGG,3746,checkpoint_epoch300.pt,train,1e-06,2.802635935950093e-05
VAL_AGG,6281,checkpoint_epoch300.pt,train,1e-06,2.802635935950093e-05
VAL_AGG,970,checkpoint_epoch300.pt,train,1e-06,2.3607273760717362e-05
VAL_AGG,5903,checkpoint_epoch300.pt,train,1e-06,2.3607273760717362e-05
VAL_AGG,5802,checkpoint_epoch300.pt,train,1e-06,2.6586132662487216e-05
VAL_AGG,3527,checkpoint_epoch300.pt,train,1e-06,2.6586132662487216e-05
VAL_AGG,3651,checkpoint_epoch300.pt,train,1e-06,3.0604685889557004e-05
VAL_AGG,5851,checkpoint_epoch300.pt,train,1e-06,3.0604685889557004e-05
VAL_AGG,2516,checkpoint_epoch300.pt,train,1e-06,2.4792763724690303e-05
VAL_AGG,135,checkpoint_epoch300.pt,train,1e-06,2.4792763724690303e-05
VAL_AGG,9198,checkpoint_epoch300.pt,train,1e-06,2.629843402246479e-05
VAL_AGG,8458,checkpoint_epoch300.pt,train,1e-06,2.629843402246479e-05
VAL_AGG,3100,checkpoint_epoch300.pt,train,1e-06,2.5290288249379955e-05
VAL_AGG,9037,checkpoint_epoch300.pt,train,1e-06,2.5290288249379955e-05
VAL_AGG,4770,checkpoint_epoch300.pt,train,1e-06,3.335972360218875e-05
VAL_AGG,4246,checkpoint_epoch300.pt,train,1e-06,3.335972360218875e-05
VAL_AGG,10005,checkpoint_epoch300.pt,train,1e-06,4.022505891043693e-05
VAL_AGG,6728,checkpoint_epoch300.pt,train,1e-06,4.022505891043693e-05
VAL_AGG,185,checkpoint_epoch300.pt,train,1e-06,4.015387094113976e-05
VAL_AGG,6705,checkpoint_epoch300.pt,train,1e-06,4.015387094113976e-05
VAL_AGG,3011,checkpoint_epoch300.pt,train,1e-06,3.314751302241348e-05
VAL_AGG,2614,checkpoint_epoch300.pt,train,1e-06,3.314751302241348e-05
VAL_AGG,8637,checkpoint_epoch300.pt,train,1e-06,2.7320349545334466e-05
VAL_AGG,5762,checkpoint_epoch300.pt,train,1e-06,2.7320349545334466e-05
VAL_AGG,8296,checkpoint_epoch300.pt,train,1e-06,3.049976658076048e-05
VAL_AGG,4264,checkpoint_epoch300.pt,train,1e-06,3.049976658076048e-05
VAL_AGG,1558,checkpoint_epoch300.pt,train,1e-06,2.209259218943771e-05
VAL_AGG,3685,checkpoint_epoch300.pt,train,1e-06,2.209259218943771e-05
VAL_AGG,4067,checkpoint_epoch300.pt,train,1e-06,3.7385430914582685e-05
VAL_AGG,4376,checkpoint_epoch300.pt,train,1e-06,3.7385430914582685e-05
VAL_AGG,9045,checkpoint_epoch300.pt,train,1e-06,3.687896969495341e-05
VAL_AGG,9500,checkpoint_epoch300.pt,train,1e-06,3.687896969495341e-05
VAL_AGG,5114,checkpoint_epoch300.pt,train,1e-06,2.3915694328024983e-05
VAL_AGG,1277,checkpoint_epoch300.pt,train,1e-06,2.3915694328024983e-05
VAL_AGG,330,checkpoint_epoch300.pt,train,1e-06,3.392488360987045e-05
VAL_AGG,6860,checkpoint_epoch300.pt,train,1e-06,3.392488360987045e-05
VAL_AGG,3684,checkpoint_epoch300.pt,train,1e-06,2.4299210053868592e-05
VAL_AGG,1160,checkpoint_epoch300.pt,train,1e-06,2.4299210053868592e-05
VAL_AGG,3441,checkpoint_epoch300.pt,train,1e-06,2.418699295958504e-05
VAL_AGG,6161,checkpoint_epoch300.pt,train,1e-06,2.418699295958504e-05
VAL_AGG,5967,checkpoint_epoch300.pt,train,1e-06,2.62386256508762e-05
VAL_AGG,549,checkpoint_epoch300.pt,train,1e-06,2.62386256508762e-05
VAL_AGG,1347,checkpoint_epoch300.pt,train,1e-06,2.761399809969589e-05
VAL_AGG,5382,checkpoint_epoch300.pt,train,1e-06,2.761399809969589e-05
VAL_AGG,3429,checkpoint_epoch300.pt,train,1e-06,3.5634668165585026e-05
VAL_AGG,9420,checkpoint_epoch300.pt,train,1e-06,3.5634668165585026e-05
VAL_AGG,381,checkpoint_epoch300.pt,train,1e-06,1.966241870832164e-05
VAL_AGG,866,checkpoint_epoch300.pt,train,1e-06,1.966241870832164e-05
VAL_AGG,131,checkpoint_epoch300.pt,train,1e-06,2.7303567549097352e-05
VAL_AGG,8168,checkpoint_epoch300.pt,train,1e-06,2.7303567549097352e-05
VAL_AGG,4387,checkpoint_epoch300.pt,train,1e-06,3.191814903402701e-05
VAL_AGG,704,checkpoint_epoch300.pt,train,1e-06,3.191814903402701e-05
VAL_AGG,5843,checkpoint_epoch300.pt,train,1e-06,2.4148239390342496e-05
VAL_AGG,1921,checkpoint_epoch300.pt,train,1e-06,2.4148239390342496e-05
VAL_AGG,10121,checkpoint_epoch300.pt,train,1e-06,3.465835834504105e-05
VAL_AGG,4071,checkpoint_epoch300.pt,train,1e-06,3.465835834504105e-05
VAL_AGG,4084,checkpoint_epoch300.pt,train,1e-06,2.9798184186802246e-05
VAL_AGG,9210,checkpoint_epoch300.pt,train,1e-06,2.9798184186802246e-05
VAL_AGG,1543,checkpoint_epoch300.pt,train,1e-06,2.390266308793798e-05
VAL_AGG,3532,checkpoint_epoch300.pt,train,1e-06,2.390266308793798e-05
VAL_AGG,1650,checkpoint_epoch300.pt,train,1e-06,2.9902295864303596e-05
VAL_AGG,4030,checkpoint_epoch300.pt,train,1e-06,2.9902295864303596e-05
VAL_AGG,8031,checkpoint_epoch300.pt,train,1e-06,2.79845353361452e-05
VAL_AGG,8878,checkpoint_epoch300.pt,train,1e-06,2.79845353361452e-05
VAL_AGG,6000,checkpoint_epoch300.pt,train,1e-06,2.6235960831400007e-05
VAL_AGG,9161,checkpoint_epoch300.pt,train,1e-06,2.6235960831400007e-05
VAL_AGG,3110,checkpoint_epoch300.pt,train,1e-06,2.5596609702915885e-05
VAL_AGG,3352,checkpoint_epoch300.pt,train,1e-06,2.5596609702915885e-05
